,사고번호,사고일시,요일,시군구,사고내용,사망자수,중상자수,경상자수,부상신고자수,사고유형,법규위반,노면상태,기상상태,도로형태,가해운전자 차종,가해운전자 성별,가해운전자 연령,가해운전자 상해정도,피해운전자 차종,피해운전자 성별,피해운전자 연령,피해운전자 상해정도
678,2018031600100554,2018년 3월 16일 21시,금요일,부산광역시 부산진구 부전동,경상사고,0,0,1,0,차대사람 - 횡단중,안전운전불이행,포장 - 건조,맑음,단일로 - 기타,승용,여,30세,상해없음,보행자,남,24세,경상
679,2018031600100617,2018년 3월 16일 23시,금요일,부산광역시 북구 화명동,경상사고,0,0,1,0,차대사람 - 기타,안전운전불이행,포장 - 건조,맑음,단일로 - 기타,승용,남,31세,상해없음,보행자,남,17세,경상
680,2018031600100619,2018년 3월 16일 23시,금요일,부산광역시 사상구 덕포동,중상사고,0,1,0,1,차대사람 - 횡단중,안전운전불이행,포장 - 건조,맑음,단일로 - 지하차도(도로)내,승용,남,66세,상해없음,보행자,여,65세,중상
681,2018031700100007,2018년 3월 17일 00시,토요일,부산광역시 동래구 사직동,중상사고,0,1,0,0,차대사람 - 횡단중,신호위반,포장 - 건조,맑음,교차로 - 교차로횡단보도내,승용,남,69세,상해없음,보행자,여,54세,중상
682,2018031700100023,2018년 3월 17일 01시,토요일,부산광역시 부산진구 부전동,중상사고,0,1,0,0,차대사람 - 횡단중,안전운전불이행,포장 - 건조,맑음,단일로 - 기타,승용,남,21세,상해없음,보행자,남,22세,중상
683,2018031700100153,2018년 3월 17일 10시,토요일,부산광역시 해운대구 중동,중상사고,0,1,0,0,차대사람 - 기타,안전운전불이행,포장 - 건조,맑음,교차로 - 교차로안,승용,여,64세,상해없음,보행자,여,63세,중상
684,2018031700100399,2018년 3월 17일 17시,토요일,부산광역시 서구 남부민동,중상사고,0,1,0,0,차대사람 - 기타,안전운전불이행,포장 - 건조,맑음,기타 - 기타,승용,여,27세,상해없음,보행자,여,57세,중상
685,2018031700100400,2018년 3월 17일 17시,토요일,부산광역시 남구 대연동,경상사고,0,0,1,0,차대사람 - 길가장자리구역통행중,안전운전불이행,포장 - 건조,맑음,단일로 - 기타,승용,여,55세,상해없음,보행자,여,17세,경상
686,2018031700100478,2018년 3월 17일 19시,토요일,부산광역시 동구 초량동,중상사고,0,1,0,0,차대사람 - 횡단중,안전운전불이행,포장 - 건조,맑음,단일로 - 기타,승용,남,40세,상해없음,보행자,남,73세,중상
687,2018031700100557,2018년 3월 17일 21시,토요일,부산광역시 사하구 다대동,경상사고,0,0,1,0,차대사람 - 보도통행중,기타,포장 - 건조,기타,기타 - 기타,승용,여,46세,상해없음,보행자,남,20세,경상
688,2018031700100587,2018년 3월 17일 22시,토요일,부산광역시 금정구 부곡동,중상사고,0,1,0,0,차대사람 - 횡단중,안전운전불이행,포장 - 건조,맑음,교차로 - 교차로안,화물,남,71세,상해없음,보행자,남,58세,중상
689,2018031800100095,2018년 3월 18일 08시,일요일,부산광역시 사하구 당리동,경상사고,0,0,1,0,차대사람 - 횡단중,보행자보호의무위반,포장 - 건조,맑음,단일로 - 기타,승합,남,63세,상해없음,보행자,여,64세,경상
690,2018031800100172,2018년 3월 18일 13시,일요일,부산광역시 연제구 연산동,경상사고,0,0,1,0,차대사람 - 기타,안전운전불이행,포장 - 건조,맑음,교차로 - 교차로안,승용,여,47세,상해없음,보행자,여,66세,경상
691,2018031800100224,2018년 3월 18일 15시,일요일,부산광역시 사하구 신평동,경상사고,0,0,1,0,차대사람 - 횡단중,안전운전불이행,포장 - 건조,맑음,단일로 - 기타,승용,남,62세,상해없음,보행자,남,38세,경상
692,2018031800100302,2018년 3월 18일 18시,일요일,부산광역시 동구 초량동,부상신고사고,0,0,0,1,차대사람 - 기타,안전운전불이행,포장 - 건조,맑음,단일로 - 기타,승용,남,47세,상해없음,보행자,남,38세,부상신고
693,2018031800100400,2018년 3월 18일 21시,일요일,부산광역시 영도구 청학동,중상사고,0,1,0,0,차대사람 - 길가장자리구역통행중,안전운전불이행,포장 - 젖음/습기,비,교차로 - 교차로부근,승용,남,57세,상해없음,보행자,여,69세,중상
694,2018031900100015,2018년 3월 19일 01시,월요일,부산광역시 금정구 장전동,사망사고,1,0,0,0,차대사람 - 기타,과속,포장 - 젖음/습기,비,단일로 - 기타,승합,남,33세,상해없음,보행자,남,57세,사망
695,2018031900100134,2018년 3월 19일 09시,월요일,부산광역시 부산진구 양정동,경상사고,0,0,1,0,차대사람 - 횡단중,보행자보호의무위반,포장 - 젖음/습기,비,교차로 - 교차로횡단보도내,승용,남,57세,상해없음,보행자,남,65세,경상
696,2018031900100217,2018년 3월 19일 12시,월요일,부산광역시 금정구 남산동,중상사고,0,1,0,0,차대사람 - 횡단중,신호위반,포장 - 건조,맑음,교차로 - 교차로횡단보도내,화물,남,58세,상해없음,보행자,여,44세,중상
697,2018031900100291,2018년 3월 19일 15시,월요일,부산광역시 금정구 구서동,경상사고,0,0,1,0,차대사람 - 보도통행중,보행자보호의무위반,포장 - 건조,맑음,교차로 - 교차로횡단보도내,승합,남,60세,상해없음,보행자,남,64세,경상
698,2018031900100352,2018년 3월 19일 17시,월요일,부산광역시 부산진구 부암동,중상사고,0,1,0,0,차대사람 - 차도통행중,안전운전불이행,포장 - 건조,맑음,교차로 - 교차로안,승합,남,58세,상해없음,보행자,남,76세,중상
699,2018031900100354,2018년 3월 19일 17시,월요일,부산광역시 기장군 기장읍,중상사고,0,1,0,0,차대사람 - 보도통행중,안전운전불이행,포장 - 건조,맑음,교차로 - 교차로부근,승용,남,65세,상해없음,보행자,여,25세,중상
700,2018031900100386,2018년 3월 19일 18시,월요일,부산광역시 동래구 온천동,중상사고,0,1,0,0,차대사람 - 횡단중,안전운전불이행,포장 - 젖음/습기,흐림,단일로 - 기타,화물,남,59세,상해없음,보행자,여,74세,중상
701,2018031900100428,2018년 3월 19일 19시,월요일,부산광역시 중구 부평동4가,경상사고,0,0,1,0,차대사람 - 횡단중,신호위반,포장 - 젖음/습기,흐림,교차로 - 교차로횡단보도내,승용,남,58세,상해없음,보행자,여,24세,경상
702,2018031900100429,2018년 3월 19일 19시,월요일,부산광역시 북구 금곡동,중상사고,0,1,0,0,차대사람 - 횡단중,신호위반,포장 - 젖음/습기,비,교차로 - 교차로횡단보도내,승용,남,51세,상해없음,보행자,여,57세,중상
703,2018031900100430,2018년 3월 19일 19시,월요일,부산광역시 동래구 수안동,중상사고,0,1,0,0,차대사람 - 횡단중,안전운전불이행,포장 - 젖음/습기,흐림,단일로 - 기타,승합,남,37세,상해없음,보행자,남,61세,중상
704,2018031900100432,2018년 3월 19일 19시,월요일,부산광역시 금정구 서동,경상사고,0,0,1,0,차대사람 - 길가장자리구역통행중,안전운전불이행,포장 - 젖음/습기,비,단일로 - 기타,승합,남,67세,상해없음,보행자,여,61세,경상
705,2018031900100433,2018년 3월 19일 19시,월요일,부산광역시 사상구 감전동,경상사고,0,0,1,0,차대사람 - 기타,안전운전불이행,포장 - 건조,맑음,교차로 - 교차로부근,승용,남,58세,상해없음,보행자,여,41세,경상
706,2018031900100469,2018년 3월 19일 20시,월요일,부산광역시 동래구 사직동,중상사고,0,1,0,0,차대사람 - 횡단중,신호위반,포장 - 젖음/습기,비,단일로 - 교량,승용,여,62세,상해없음,보행자,여,42세,중상
707,2018031900100473,2018년 3월 19일 20시,월요일,부산광역시 강서구 신호동,중상사고,0,1,0,0,차대사람 - 기타,안전운전불이행,포장 - 건조,맑음,단일로 - 기타,승용,남,30세,상해없음,보행자,남,33세,중상
708,2018031900100563,2018년 3월 19일 23시,월요일,부산광역시 부산진구 부암동,중상사고,0,1,0,0,차대사람 - 횡단중,보행자보호의무위반,포장 - 젖음/습기,비,교차로 - 교차로횡단보도내,승용,남,56세,상해없음,보행자,남,46세,중상
709,2018032000100018,2018년 3월 20일 02시,화요일,부산광역시 서구 암남동,경상사고,0,0,1,0,차대사람 - 길가장자리구역통행중,안전운전불이행,포장 - 젖음/습기,흐림,교차로 - 교차로부근,승용,남,67세,상해없음,보행자,여,44세,경상
710,2018032000100092,2018년 3월 20일 08시,화요일,부산광역시 수영구 광안동,중상사고,0,1,0,0,차대사람 - 길가장자리구역통행중,안전운전불이행,포장 - 건조,흐림,단일로 - 기타,승용,여,66세,상해없음,보행자,여,25세,중상
711,2018032000100094,2018년 3월 20일 08시,화요일,부산광역시 해운대구 중동,중상사고,0,1,0,0,차대사람 - 횡단중,보행자보호의무위반,포장 - 건조,맑음,교차로 - 교차로부근,승용,남,40세,상해없음,보행자,여,76세,중상
712,2018032000100170,2018년 3월 20일 10시,화요일,부산광역시 동래구 온천동,중상사고,0,1,0,0,차대사람 - 기타,안전운전불이행,포장 - 건조,맑음,교차로 - 교차로부근,승용,남,43세,상해없음,보행자,여,71세,중상
713,2018032000100190,2018년 3월 20일 11시,화요일,부산광역시 중구 대청동1가,중상사고,0,1,0,0,차대사람 - 기타,안전운전불이행,포장 - 건조,맑음,단일로 - 기타,화물,남,64세,기타불명,보행자,남,58세,중상
714,2018032000100191,2018년 3월 20일 11시,화요일,부산광역시 동래구 온천동,중상사고,0,1,0,0,차대사람 - 길가장자리구역통행중,안전운전불이행,포장 - 건조,맑음,단일로 - 기타,승용,여,62세,상해없음,보행자,여,71세,중상
715,2018032000100227,2018년 3월 20일 12시,화요일,부산광역시 동구 초량동,경상사고,0,0,1,0,차대사람 - 기타,안전운전불이행,포장 - 건조,맑음,단일로 - 기타,승용,남,43세,상해없음,보행자,여,64세,경상
716,2018032000100301,2018년 3월 20일 15시,화요일,부산광역시 영도구 청학동,경상사고,0,0,1,0,차대사람 - 길가장자리구역통행중,안전운전불이행,포장 - 건조,맑음,단일로 - 기타,승용,여,48세,상해없음,보행자,여,68세,경상
717,2018032000100332,2018년 3월 20일 16시,화요일,부산광역시 금정구 남산동,경상사고,0,0,1,0,차대사람 - 횡단중,보행자보호의무위반,포장 - 건조,맑음,교차로 - 교차로횡단보도내,승용,여,58세,상해없음,보행자,여,19세,경상
718,2018032000100333,2018년 3월 20일 16시,화요일,부산광역시 금정구 남산동,경상사고,0,0,1,0,차대사람 - 횡단중,보행자보호의무위반,포장 - 건조,맑음,교차로 - 교차로횡단보도내,승용,여,38세,상해없음,보행자,남,8세,경상
719,2018032000100510,2018년 3월 20일 21시,화요일,부산광역시 부산진구 가야동,중상사고,0,1,0,0,차대사람 - 차도통행중,신호위반,포장 - 젖음/습기,비,단일로 - 기타,승용,남,67세,상해없음,보행자,남,60세,중상
720,2018032000100540,2018년 3월 20일 22시,화요일,부산광역시 동구 범일동,중상사고,0,1,0,0,차대사람 - 기타,안전운전불이행,포장 - 젖음/습기,비,단일로 - 기타,승용,남,55세,상해없음,보행자,남,35세,중상
721,2018032000100567,2018년 3월 20일 23시,화요일,부산광역시 북구 구포동,중상사고,0,1,0,0,차대사람 - 횡단중,신호위반,포장 - 건조,맑음,교차로 - 교차로횡단보도내,승용,여,25세,상해없음,보행자,남,18세,중상
722,2018032000100569,2018년 3월 20일 23시,화요일,부산광역시 금정구 장전동,경상사고,0,0,1,0,차대사람 - 길가장자리구역통행중,안전운전불이행,포장 - 젖음/습기,흐림,기타 - 기타,이륜,남,46세,상해없음,보행자,남,21세,경상
723,2018032100100003,2018년 3월 21일 00시,수요일,부산광역시 부산진구 부전동,경상사고,0,0,1,0,차대사람 - 횡단중,안전운전불이행,포장 - 젖음/습기,비,단일로 - 기타,이륜,남,26세,상해없음,보행자,여,47세,경상
724,2018032100100065,2018년 3월 21일 06시,수요일,부산광역시 연제구 연산동,중상사고,0,1,0,0,차대사람 - 길가장자리구역통행중,안전운전불이행,포장 - 젖음/습기,비,교차로 - 교차로안,승용,남,48세,상해없음,보행자,남,63세,중상
725,2018032100100098,2018년 3월 21일 08시,수요일,부산광역시 강서구 강동동,중상사고,0,1,0,0,차대사람 - 기타,보행자보호의무위반,포장 - 젖음/습기,비,교차로 - 교차로횡단보도내,승용,여,43세,상해없음,보행자,여,64세,중상
726,2018032100100143,2018년 3월 21일 09시,수요일,부산광역시 기장군 기장읍,중상사고,0,1,0,0,차대사람 - 횡단중,안전운전불이행,포장 - 젖음/습기,비,교차로 - 교차로안,화물,남,47세,상해없음,보행자,남,13세,중상
727,2018032100100166,2018년 3월 21일 10시,수요일,부산광역시 해운대구 좌동,중상사고,0,1,0,0,차대사람 - 차도통행중,안전운전불이행,포장 - 젖음/습기,비,단일로 - 기타,승용,여,38세,상해없음,보행자,여,42세,중상
728,2018032100100286,2018년 3월 21일 15시,수요일,부산광역시 영도구 남항동1가,경상사고,0,0,2,0,차대사람 - 보도통행중,보행자보호의무위반,포장 - 젖음/습기,흐림,교차로 - 교차로횡단보도내,화물,남,60세,상해없음,보행자,여,64세,경상
729,2018032100100317,2018년 3월 21일 16시,수요일,부산광역시 중구 영주동,중상사고,0,1,0,0,차대사람 - 횡단중,안전운전불이행,포장 - 건조,맑음,단일로 - 기타,승용,여,45세,상해없음,보행자,여,43세,중상
730,2018032100100465,2018년 3월 21일 20시,수요일,부산광역시 부산진구 가야동,경상사고,0,0,1,0,차대사람 - 길가장자리구역통행중,중앙선침범,포장 - 건조,맑음,단일로 - 기타,승용,남,41세,상해없음,보행자,남,59세,경상
731,2018032100100498,2018년 3월 21일 21시,수요일,부산광역시 동래구 명륜동,경상사고,0,0,1,0,차대사람 - 보도통행중,보행자보호의무위반,포장 - 건조,맑음,단일로 - 기타,승용,남,59세,상해없음,보행자,여,30세,경상
732,2018032100100558,2018년 3월 21일 23시,수요일,부산광역시 사상구 학장동,중상사고,0,1,0,0,차대사람 - 횡단중,안전운전불이행,포장 - 젖음/습기,흐림,단일로 - 기타,승용,남,57세,상해없음,보행자,남,39세,중상
733,2018032200100004,2018년 3월 22일 00시,목요일,부산광역시 부산진구 양정동,경상사고,0,0,1,0,차대사람 - 길가장자리구역통행중,안전운전불이행,포장 - 건조,맑음,교차로 - 교차로부근,승용,남,32세,상해없음,보행자,남,48세,경상
734,2018032200100130,2018년 3월 22일 08시,목요일,부산광역시 남구 문현동,경상사고,0,0,1,0,차대사람 - 길가장자리구역통행중,보행자보호의무위반,포장 - 건조,맑음,단일로 - 기타,승용,여,45세,상해없음,보행자,여,13세,경상
735,2018032200100202,2018년 3월 22일 10시,목요일,부산광역시 기장군 기장읍,중상사고,0,1,0,0,차대사람 - 차도통행중,안전운전불이행,포장 - 건조,맑음,교차로 - 교차로안,화물,남,63세,상해없음,보행자,여,77세,중상
736,2018032200100254,2018년 3월 22일 12시,목요일,부산광역시 동구 수정동,중상사고,0,1,0,0,차대사람 - 횡단중,보행자보호의무위반,포장 - 건조,맑음,교차로 - 교차로부근,승용,여,46세,상해없음,보행자,여,69세,중상
737,2018032200100284,2018년 3월 22일 13시,목요일,부산광역시 동구 초량동,경상사고,0,0,1,0,차대사람 - 기타,안전운전불이행,포장 - 건조,맑음,단일로 - 기타,승용,남,59세,상해없음,보행자,남,60세,경상
738,2018032200100285,2018년 3월 22일 13시,목요일,부산광역시 남구 대연동,중상사고,0,1,0,0,차대사람 - 차도통행중,안전운전불이행,포장 - 건조,맑음,단일로 - 기타,승용,남,62세,상해없음,보행자,여,56세,중상
739,2018032200100309,2018년 3월 22일 14시,목요일,부산광역시 중구 부평동1가,중상사고,0,1,0,0,차대사람 - 횡단중,안전운전불이행,포장 - 건조,맑음,단일로 - 기타,승용,남,63세,상해없음,보행자,여,78세,중상
740,2018032200100310,2018년 3월 22일 14시,목요일,부산광역시 동래구 온천동,사망사고,1,0,0,0,차대사람 - 보도통행중,보행자보호의무위반,포장 - 건조,맑음,단일로 - 기타,승합,남,63세,상해없음,보행자,여,73세,사망
741,2018032200100311,2018년 3월 22일 14시,목요일,부산광역시 부산진구 양정동,중상사고,0,1,1,0,차대사람 - 횡단중,신호위반,포장 - 건조,맑음,교차로 - 교차로횡단보도내,승용,여,23세,기타불명,보행자,남,16세,중상
742,2018032200100482,2018년 3월 22일 19시,목요일,부산광역시 서구 아미동2가,중상사고,0,1,0,0,차대사람 - 기타,안전운전불이행,포장 - 건조,맑음,교차로 - 교차로안,승용,여,48세,상해없음,보행자,남,73세,중상
743,2018032200100483,2018년 3월 22일 19시,목요일,부산광역시 수영구 민락동,경상사고,0,0,1,1,차대사람 - 횡단중,보행자보호의무위반,포장 - 건조,맑음,교차로 - 교차로횡단보도내,승용,남,46세,상해없음,보행자,여,12세,경상
744,2018032300100041,2018년 3월 23일 05시,금요일,부산광역시 연제구 연산동,중상사고,0,1,0,0,차대사람 - 차도통행중,과속,포장 - 건조,맑음,단일로 - 기타,승용,남,35세,상해없음,보행자,남,59세,중상
745,2018032300100102,2018년 3월 23일 08시,금요일,부산광역시 중구 보수동2가,경상사고,0,0,1,0,차대사람 - 횡단중,보행자보호의무위반,포장 - 건조,맑음,단일로 - 기타,승용,남,30세,상해없음,보행자,남,70세,경상
746,2018032300100249,2018년 3월 23일 13시,금요일,부산광역시 동구 초량동,경상사고,0,0,1,0,차대사람 - 보도통행중,보행자보호의무위반,포장 - 건조,맑음,단일로 - 기타,승용,여,39세,상해없음,보행자,남,7세,경상
747,2018032300100385,2018년 3월 23일 17시,금요일,부산광역시 수영구 광안동,부상신고사고,0,0,0,1,차대사람 - 기타,기타,포장 - 건조,맑음,단일로 - 기타,승용,남,33세,상해없음,보행자,여,22세,부상신고
748,2018032300100386,2018년 3월 23일 17시,금요일,부산광역시 해운대구 재송동,중상사고,0,1,0,0,차대사람 - 횡단중,보행자보호의무위반,포장 - 건조,맑음,교차로 - 교차로횡단보도내,승용,남,43세,상해없음,보행자,남,65세,중상
749,2018032300100387,2018년 3월 23일 17시,금요일,부산광역시 사하구 다대동,중상사고,0,1,0,0,차대사람 - 기타,보행자보호의무위반,포장 - 건조,맑음,교차로 - 교차로부근,승용,여,57세,상해없음,보행자,여,66세,중상
750,2018032300100431,2018년 3월 23일 18시,금요일,부산광역시 남구 대연동,중상사고,0,1,0,0,차대사람 - 횡단중,보행자보호의무위반,포장 - 건조,맑음,단일로 - 기타,승용,남,69세,상해없음,보행자,남,15세,중상
751,2018032300100432,2018년 3월 23일 18시,금요일,부산광역시 북구 화명동,중상사고,0,1,0,0,차대사람 - 기타,안전운전불이행,포장 - 건조,맑음,단일로 - 기타,승용,여,67세,상해없음,보행자,여,82세,중상
752,2018032300100510,2018년 3월 23일 20시,금요일,부산광역시 영도구 영선동2가,경상사고,0,0,1,0,차대사람 - 횡단중,안전운전불이행,포장 - 건조,맑음,단일로 - 기타,승용,남,65세,상해없음,보행자,남,10세,경상
753,2018032300100511,2018년 3월 23일 20시,금요일,부산광역시 사하구 장림동,중상사고,0,1,0,0,차대사람 - 기타,안전운전불이행,포장 - 건조,맑음,기타 - 기타,승용,남,65세,상해없음,보행자,여,58세,중상
754,2018032300100542,2018년 3월 23일 21시,금요일,부산광역시 남구 용호동,경상사고,0,0,1,0,차대사람 - 기타,안전운전불이행,포장 - 건조,맑음,단일로 - 기타,승용,여,51세,상해없음,보행자,남,56세,경상
755,2018032400100003,2018년 3월 24일 00시,토요일,부산광역시 연제구 연산동,중상사고,0,1,0,0,차대사람 - 횡단중,안전운전불이행,포장 - 건조,맑음,단일로 - 기타,승용,남,72세,상해없음,보행자,남,52세,중상
756,2018032400100083,2018년 3월 24일 06시,토요일,부산광역시 부산진구 연지동,중상사고,0,1,0,0,차대사람 - 기타,안전운전불이행,포장 - 건조,맑음,교차로 - 교차로부근,승용,남,63세,상해없음,보행자,남,57세,중상
757,2018032400100142,2018년 3월 24일 10시,토요일,부산광역시 금정구 남산동,경상사고,0,0,1,0,차대사람 - 횡단중,보행자보호의무위반,포장 - 건조,맑음,교차로 - 교차로횡단보도내,승용,남,41세,상해없음,보행자,여,20세,경상
758,2018032400100144,2018년 3월 24일 10시,토요일,부산광역시 사상구 감전동,경상사고,0,0,1,0,차대사람 - 길가장자리구역통행중,안전운전불이행,포장 - 건조,맑음,단일로 - 지하차도(도로)내,화물,남,45세,상해없음,보행자,남,19세,경상
759,2018032400100205,2018년 3월 24일 12시,토요일,부산광역시 수영구 광안동,중상사고,0,1,0,0,차대사람 - 보도통행중,보행자보호의무위반,포장 - 건조,맑음,단일로 - 기타,승용,남,28세,상해없음,보행자,남,23세,중상
760,2018032400100267,2018년 3월 24일 14시,토요일,부산광역시 북구 만덕동,경상사고,0,0,1,0,차대사람 - 횡단중,신호위반,포장 - 건조,맑음,교차로 - 교차로횡단보도내,이륜,남,21세,상해없음,보행자,여,48세,경상
761,2018032400100331,2018년 3월 24일 16시,토요일,부산광역시 해운대구 송정동,중상사고,0,1,0,0,차대사람 - 횡단중,신호위반,포장 - 건조,맑음,교차로 - 교차로횡단보도내,화물,남,48세,상해없음,보행자,여,57세,중상
762,2018032400100361,2018년 3월 24일 17시,토요일,부산광역시 중구 창선동1가,경상사고,0,0,1,0,차대사람 - 횡단중,안전운전불이행,포장 - 건조,맑음,단일로 - 기타,승용,남,53세,상해없음,보행자,여,55세,경상
763,2018032400100396,2018년 3월 24일 18시,토요일,부산광역시 중구 남포동5가,부상신고사고,0,0,0,1,차대사람 - 차도통행중,안전운전불이행,포장 - 건조,맑음,단일로 - 기타,승용,남,31세,상해없음,보행자,남,57세,부상신고
764,2018032400100431,2018년 3월 24일 19시,토요일,부산광역시 동구 좌천동,부상신고사고,0,0,0,1,차대사람 - 기타,안전운전불이행,포장 - 건조,맑음,교차로 - 교차로부근,승용,남,32세,상해없음,보행자,남,11세,부상신고
765,2018032500100073,2018년 3월 25일 08시,일요일,부산광역시 동구 초량동,중상사고,0,1,0,0,차대사람 - 기타,안전운전불이행,포장 - 건조,맑음,단일로 - 기타,승용,남,58세,상해없음,보행자,남,61세,중상
766,2018032500100140,2018년 3월 25일 12시,일요일,부산광역시 북구 금곡동,경상사고,0,0,1,0,차대사람 - 기타,안전운전불이행,포장 - 건조,맑음,단일로 - 기타,승합,남,68세,상해없음,보행자,여,80세,경상
767,2018032500100250,2018년 3월 25일 16시,일요일,부산광역시 동구 초량동,중상사고,0,1,0,0,차대사람 - 횡단중,안전운전불이행,포장 - 건조,맑음,단일로 - 기타,승합,남,56세,상해없음,보행자,남,86세,중상
768,2018032500100251,2018년 3월 25일 16시,일요일,부산광역시 북구 금곡동,중상사고,0,1,0,0,차대사람 - 기타,안전운전불이행,포장 - 건조,맑음,단일로 - 기타,승용,남,34세,상해없음,보행자,여,80세,중상
769,2018032500100304,2018년 3월 25일 18시,일요일,부산광역시 부산진구 부전동,부상신고사고,0,0,0,2,차대사람 - 길가장자리구역통행중,안전운전불이행,포장 - 건조,맑음,기타 - 기타,승용,남,23세,부상신고,보행자,남,63세,부상신고
770,2018032500100327,2018년 3월 25일 19시,일요일,부산광역시 연제구 연산동,경상사고,0,0,1,0,차대사람 - 보도통행중,보행자보호의무위반,포장 - 건조,맑음,교차로 - 교차로횡단보도내,승용,남,37세,상해없음,보행자,여,62세,경상
771,2018032600100029,2018년 3월 26일 04시,월요일,부산광역시 사상구 모라동,경상사고,0,0,1,0,차대사람 - 기타,안전운전불이행,포장 - 건조,맑음,주차장 - 주차장,승용,남,36세,상해없음,보행자,남,58세,경상
772,2018032600100079,2018년 3월 26일 08시,월요일,부산광역시 해운대구 좌동,경상사고,0,0,1,0,차대사람 - 횡단중,보행자보호의무위반,포장 - 건조,맑음,단일로 - 기타,승용,여,38세,상해없음,보행자,여,11세,경상
773,2018032600100141,2018년 3월 26일 10시,월요일,부산광역시 금정구 서동,중상사고,0,1,0,0,차대사람 - 기타,보행자보호의무위반,포장 - 건조,맑음,교차로 - 교차로안,승용,여,53세,상해없음,보행자,남,76세,중상
774,2018032600100209,2018년 3월 26일 12시,월요일,부산광역시 남구 대연동,경상사고,0,0,1,0,차대사람 - 횡단중,신호위반,포장 - 건조,맑음,단일로 - 기타,승용,남,55세,상해없음,보행자,여,20세,경상
775,2018032600100210,2018년 3월 26일 12시,월요일,부산광역시 남구 대연동,중상사고,0,1,0,0,차대사람 - 기타,안전운전불이행,포장 - 건조,기타,기타 - 기타,승용,여,35세,상해없음,보행자,남,51세,중상
776,2018032600100294,2018년 3월 26일 15시,월요일,부산광역시 서구 동대신동3가,중상사고,0,1,0,0,차대사람 - 길가장자리구역통행중,안전운전불이행,포장 - 건조,맑음,단일로 - 기타,승용,남,41세,상해없음,보행자,여,68세,중상
777,2018032600100295,2018년 3월 26일 15시,월요일,부산광역시 동래구 명장동,경상사고,0,0,1,0,차대사람 - 횡단중,안전운전불이행,포장 - 건조,맑음,교차로 - 교차로부근,승용,남,70세,상해없음,보행자,여,50세,경상
778,2018032600100296,2018년 3월 26일 15시,월요일,부산광역시 금정구 서동,경상사고,0,0,1,0,차대사람 - 차도통행중,안전운전불이행,포장 - 건조,맑음,단일로 - 기타,승용,남,39세,상해없음,보행자,남,51세,경상
779,2018032600100382,2018년 3월 26일 17시,월요일,부산광역시 해운대구 재송동,부상신고사고,0,0,0,1,차대사람 - 보도통행중,안전운전불이행,포장 - 건조,맑음,단일로 - 기타,승합,남,52세,상해없음,보행자,남,13세,부상신고
780,2018032600100384,2018년 3월 26일 17시,월요일,부산광역시 금정구 장전동,중상사고,0,1,0,0,차대사람 - 기타,안전운전불이행,포장 - 건조,맑음,단일로 - 기타,승용,남,69세,상해없음,보행자,여,59세,중상
781,2018032600100385,2018년 3월 26일 17시,월요일,부산광역시 사하구 괴정동,중상사고,0,1,0,0,차대사람 - 횡단중,안전운전불이행,포장 - 건조,맑음,교차로 - 교차로부근,승용,여,43세,상해없음,보행자,남,17세,중상
782,2018032600100459,2018년 3월 26일 19시,월요일,부산광역시 동구 초량동,경상사고,0,0,1,0,차대사람 - 기타,안전운전불이행,포장 - 건조,맑음,단일로 - 기타,승용,남,48세,상해없음,보행자,여,73세,경상
783,2018032600100461,2018년 3월 26일 19시,월요일,부산광역시 영도구 봉래동4가,경상사고,0,0,1,0,차대사람 - 차도통행중,안전운전불이행,포장 - 건조,맑음,단일로 - 기타,승용,남,68세,상해없음,보행자,남,52세,경상
784,2018032600100496,2018년 3월 26일 20시,월요일,부산광역시 해운대구 좌동,경상사고,0,0,1,0,차대사람 - 횡단중,보행자보호의무위반,포장 - 건조,맑음,단일로 - 기타,승용,남,26세,기타불명,보행자,남,40세,경상
785,2018032600100552,2018년 3월 26일 22시,월요일,부산광역시 사상구 엄궁동,경상사고,0,0,1,0,차대사람 - 기타,안전운전불이행,포장 - 건조,맑음,단일로 - 기타,화물,여,60세,상해없음,보행자,여,48세,경상
786,2018032600100579,2018년 3월 26일 23시,월요일,부산광역시 부산진구 부전동,경상사고,0,0,1,0,차대사람 - 기타,안전운전불이행,포장 - 건조,맑음,단일로 - 기타,승합,남,46세,상해없음,보행자,여,28세,경상
787,2018032700100157,2018년 3월 27일 10시,화요일,부산광역시 수영구 수영동,중상사고,0,1,0,0,차대사람 - 기타,안전운전불이행,포장 - 건조,맑음,단일로 - 기타,화물,남,75세,상해없음,보행자,여,73세,중상
788,2018032700100284,2018년 3월 27일 15시,화요일,부산광역시 사하구 당리동,경상사고,0,0,1,0,차대사람 - 기타,안전운전불이행,포장 - 건조,맑음,기타 - 기타,승용,남,66세,상해없음,보행자,여,65세,경상
789,2018032700100350,2018년 3월 27일 17시,화요일,부산광역시 사상구 주례동,경상사고,0,0,1,0,차대사람 - 기타,안전운전불이행,포장 - 건조,맑음,교차로 - 교차로부근,승용,남,28세,상해없음,보행자,남,35세,경상