,사고번호,사고일시,요일,시군구,사고내용,사망자수,중상자수,경상자수,부상신고자수,사고유형,법규위반,노면상태,기상상태,도로형태,가해운전자 차종,가해운전자 성별,가해운전자 연령,가해운전자 상해정도,피해운전자 차종,피해운전자 성별,피해운전자 연령,피해운전자 상해정도
790,2018032700100448,2018년 3월 27일 20시,화요일,부산광역시 사하구 다대동,경상사고,0,0,1,0,차대사람 - 기타,안전운전불이행,포장 - 건조,맑음,단일로 - 기타,승용,남,24세,상해없음,보행자,여,19세,경상
791,2018032700100470,2018년 3월 27일 21시,화요일,부산광역시 금정구 구서동,중상사고,0,1,0,0,차대사람 - 횡단중,신호위반,포장 - 건조,맑음,교차로 - 교차로안,승용,남,42세,상해없음,보행자,여,55세,중상
792,2018032700100471,2018년 3월 27일 21시,화요일,부산광역시 연제구 연산동,중상사고,0,1,0,0,차대사람 - 횡단중,안전운전불이행,포장 - 건조,맑음,단일로 - 기타,승용,남,51세,상해없음,보행자,남,49세,중상
793,2018032800100157,2018년 3월 28일 10시,수요일,부산광역시 해운대구 좌동,중상사고,0,1,0,0,차대사람 - 기타,안전운전불이행,포장 - 건조,맑음,단일로 - 기타,승용,남,28세,상해없음,보행자,여,23세,중상
794,2018032800100186,2018년 3월 28일 11시,수요일,부산광역시 해운대구 반송동,중상사고,0,1,0,0,차대사람 - 기타,안전운전불이행,포장 - 건조,맑음,단일로 - 기타,화물,남,57세,상해없음,보행자,여,87세,중상
795,2018032800100189,2018년 3월 28일 11시,수요일,부산광역시 사상구 괘법동,경상사고,0,0,1,0,차대사람 - 길가장자리구역통행중,안전운전불이행,포장 - 건조,맑음,단일로 - 기타,화물,남,50세,상해없음,보행자,남,42세,경상
796,2018032800100211,2018년 3월 28일 12시,수요일,부산광역시 동구 수정동,중상사고,0,1,0,0,차대사람 - 차도통행중,안전운전불이행,포장 - 건조,맑음,교차로 - 교차로안,승용,남,57세,상해없음,보행자,여,75세,중상
797,2018032800100241,2018년 3월 28일 13시,수요일,부산광역시 강서구 명지동,부상신고사고,0,0,0,1,차대사람 - 횡단중,안전운전불이행,포장 - 건조,맑음,단일로 - 기타,승용,남,37세,상해없음,보행자,남,61세,부상신고
798,2018032800100277,2018년 3월 28일 14시,수요일,부산광역시 영도구 청학동,사망사고,1,0,0,0,차대사람 - 횡단중,안전운전불이행,포장 - 건조,맑음,단일로 - 기타,건설기계,남,51세,상해없음,보행자,여,82세,사망
799,2018032800100315,2018년 3월 28일 15시,수요일,부산광역시 남구 용호동,사망사고,1,0,0,0,차대사람 - 횡단중,안전운전불이행,포장 - 건조,맑음,단일로 - 기타,특수,남,47세,상해없음,보행자,여,79세,사망
800,2018032800100316,2018년 3월 28일 15시,수요일,부산광역시 북구 구포동,중상사고,0,1,0,0,차대사람 - 횡단중,신호위반,포장 - 건조,맑음,교차로 - 교차로부근,화물,남,41세,상해없음,보행자,여,60세,중상
801,2018032800100361,2018년 3월 28일 16시,수요일,부산광역시 연제구 연산동,중상사고,0,1,0,0,차대사람 - 차도통행중,안전운전불이행,포장 - 건조,맑음,교차로 - 교차로부근,승용,여,31세,상해없음,보행자,여,26세,중상
802,2018032800100363,2018년 3월 28일 16시,수요일,부산광역시 기장군 정관읍,중상사고,0,1,0,0,차대사람 - 기타,안전운전불이행,포장 - 건조,맑음,교차로 - 교차로부근,승합,남,50세,상해없음,보행자,여,69세,중상
803,2018032800100443,2018년 3월 28일 18시,수요일,부산광역시 연제구 연산동,중상사고,0,1,0,0,차대사람 - 차도통행중,신호위반,포장 - 건조,맑음,교차로 - 교차로부근,승용,남,51세,상해없음,보행자,여,83세,중상
804,2018032800100586,2018년 3월 28일 23시,수요일,부산광역시 연제구 연산동,경상사고,0,0,1,0,차대사람 - 횡단중,신호위반,포장 - 건조,맑음,단일로 - 기타,승용,여,57세,상해없음,보행자,여,28세,경상
805,2018032900100024,2018년 3월 29일 01시,목요일,부산광역시 사하구 하단동,경상사고,0,0,1,0,차대사람 - 기타,안전운전불이행,포장 - 건조,맑음,교차로 - 교차로부근,이륜,남,19세,기타불명,보행자,남,22세,경상
806,2018032900100076,2018년 3월 29일 07시,목요일,부산광역시 동래구 사직동,경상사고,0,0,1,0,차대사람 - 길가장자리구역통행중,안전운전불이행,포장 - 젖음/습기,비,교차로 - 교차로안,승용,남,76세,상해없음,보행자,여,18세,경상
807,2018032900100097,2018년 3월 29일 08시,목요일,부산광역시 사하구 괴정동,경상사고,0,0,1,0,차대사람 - 길가장자리구역통행중,안전운전불이행,포장 - 건조,맑음,기타 - 기타,승용,여,28세,상해없음,보행자,남,12세,경상
808,2018032900100137,2018년 3월 29일 09시,목요일,부산광역시 남구 감만동,중상사고,0,1,0,0,차대사람 - 횡단중,안전운전불이행,포장 - 건조,맑음,단일로 - 기타,승용,여,54세,상해없음,보행자,여,69세,중상
809,2018032900100202,2018년 3월 29일 11시,목요일,부산광역시 사하구 장림동,중상사고,0,1,0,0,차대사람 - 차도통행중,안전운전불이행,포장 - 건조,맑음,단일로 - 기타,화물,남,60세,상해없음,보행자,여,44세,중상
810,2018032900100234,2018년 3월 29일 12시,목요일,부산광역시 북구 덕천동,중상사고,0,1,0,0,차대사람 - 차도통행중,안전운전불이행,포장 - 건조,맑음,단일로 - 기타,승용,남,44세,상해없음,보행자,여,81세,중상
811,2018032900100235,2018년 3월 29일 12시,목요일,부산광역시 부산진구 부전동,중상사고,0,1,0,0,차대사람 - 기타,안전운전불이행,포장 - 건조,맑음,단일로 - 기타,이륜,남,25세,상해없음,보행자,여,35세,중상
812,2018032900100236,2018년 3월 29일 12시,목요일,부산광역시 사하구 감천동,중상사고,0,1,0,0,차대사람 - 횡단중,신호위반,포장 - 건조,맑음,교차로 - 교차로부근,화물,남,49세,상해없음,보행자,남,66세,중상
813,2018032900100291,2018년 3월 29일 14시,목요일,부산광역시 서구 암남동,경상사고,0,0,1,0,차대사람 - 횡단중,보행자보호의무위반,포장 - 건조,맑음,교차로 - 교차로횡단보도내,승용,남,64세,상해없음,보행자,여,34세,경상
814,2018032900100355,2018년 3월 29일 16시,목요일,부산광역시 해운대구 반송동,중상사고,0,1,0,0,차대사람 - 횡단중,보행자보호의무위반,포장 - 건조,맑음,단일로 - 기타,화물,남,63세,상해없음,보행자,여,61세,중상
815,2018032900100357,2018년 3월 29일 16시,목요일,부산광역시 연제구 연산동,중상사고,0,1,0,0,차대사람 - 차도통행중,안전운전불이행,포장 - 건조,맑음,교차로 - 교차로부근,승용,남,71세,상해없음,보행자,여,64세,중상
816,2018032900100432,2018년 3월 29일 18시,목요일,부산광역시 남구 문현동,중상사고,0,1,0,0,차대사람 - 기타,신호위반,포장 - 건조,맑음,교차로 - 교차로부근,이륜,남,66세,중상,보행자,남,70세,상해없음
817,2018032900100610,2018년 3월 29일 23시,목요일,부산광역시 남구 문현동,중상사고,0,1,0,0,차대사람 - 횡단중,안전운전불이행,포장 - 건조,맑음,단일로 - 기타,승용,남,62세,상해없음,보행자,여,35세,중상
818,2018032900100611,2018년 3월 29일 23시,목요일,부산광역시 사하구 다대동,중상사고,0,1,0,0,차대사람 - 기타,과속,포장 - 건조,맑음,기타 - 기타,승용,남,29세,상해없음,보행자,남,27세,중상
819,2018033000100025,2018년 3월 30일 01시,금요일,부산광역시 사하구 하단동,경상사고,0,0,1,0,차대사람 - 차도통행중,안전운전불이행,포장 - 건조,맑음,단일로 - 기타,승용,남,58세,상해없음,보행자,남,36세,경상
820,2018033000100040,2018년 3월 30일 02시,금요일,부산광역시 금정구 장전동,중상사고,0,1,0,0,차대사람 - 횡단중,보행자보호의무위반,포장 - 건조,맑음,교차로 - 교차로횡단보도내,승용,남,63세,상해없음,보행자,여,53세,중상
821,2018033000100107,2018년 3월 30일 08시,금요일,부산광역시 동래구 수안동,중상사고,0,1,0,0,차대사람 - 횡단중,안전운전불이행,포장 - 건조,맑음,교차로 - 교차로안,승합,남,43세,상해없음,보행자,여,84세,중상
822,2018033000100141,2018년 3월 30일 09시,금요일,부산광역시 사상구 감전동,중상사고,0,1,0,0,차대사람 - 기타,안전운전불이행,포장 - 건조,맑음,단일로 - 기타,화물,남,52세,상해없음,보행자,여,69세,중상
823,2018033000100170,2018년 3월 30일 10시,금요일,부산광역시 북구 덕천동,중상사고,0,2,0,0,차대사람 - 차도통행중,안전운전불이행,포장 - 건조,맑음,교차로 - 교차로안,승용,여,49세,상해없음,보행자,여,76세,중상
824,2018033000100201,2018년 3월 30일 11시,금요일,부산광역시 동래구 낙민동,경상사고,0,0,1,0,차대사람 - 횡단중,안전운전불이행,포장 - 건조,맑음,단일로 - 기타,승용,남,38세,상해없음,보행자,여,58세,경상
825,2018033000100202,2018년 3월 30일 11시,금요일,부산광역시 해운대구 반여동,경상사고,0,0,1,0,차대사람 - 차도통행중,안전운전불이행,포장 - 건조,맑음,단일로 - 기타,승용,여,64세,상해없음,보행자,남,41세,경상
826,2018033000100413,2018년 3월 30일 17시,금요일,부산광역시 남구 대연동,경상사고,0,0,1,0,차대사람 - 기타,안전운전불이행,포장 - 건조,맑음,단일로 - 기타,승용,여,53세,상해없음,보행자,여,62세,경상
827,2018033000100455,2018년 3월 30일 18시,금요일,부산광역시 서구 충무동1가,경상사고,0,0,1,0,차대사람 - 길가장자리구역통행중,안전운전불이행,포장 - 건조,맑음,단일로 - 기타,화물,남,60세,상해없음,보행자,남,46세,경상
828,2018033000100612,2018년 3월 30일 22시,금요일,부산광역시 해운대구 좌동,경상사고,0,0,1,0,차대사람 - 횡단중,보행자보호의무위반,포장 - 건조,맑음,단일로 - 기타,승용,여,56세,상해없음,보행자,여,38세,경상
829,2018033000100613,2018년 3월 30일 22시,금요일,부산광역시 부산진구 가야동,경상사고,0,0,1,0,차대사람 - 기타,안전운전불이행,포장 - 건조,맑음,단일로 - 기타,승용,남,67세,상해없음,보행자,남,49세,경상
830,2018033000100636,2018년 3월 30일 23시,금요일,부산광역시 해운대구 우동,사망사고,1,0,0,0,차대사람 - 횡단중,안전운전불이행,포장 - 건조,맑음,단일로 - 기타,승용,남,75세,상해없음,보행자,여,70세,사망
831,2018033100100131,2018년 3월 31일 09시,토요일,부산광역시 강서구 대저2동,사망사고,1,0,0,0,차대사람 - 기타,과속,포장 - 건조,맑음,교차로 - 교차로부근,승용,남,48세,상해없음,보행자,남,60세,사망
832,2018033100100182,2018년 3월 31일 11시,토요일,부산광역시 부산진구 부전동,경상사고,0,0,1,0,차대사람 - 기타,신호위반,포장 - 건조,맑음,단일로 - 기타,승용,남,64세,상해없음,보행자,남,55세,경상
833,2018033100100245,2018년 3월 31일 13시,토요일,부산광역시 남구 용호동,사망사고,1,0,0,0,차대사람 - 횡단중,안전운전불이행,포장 - 건조,맑음,단일로 - 기타,이륜,남,50세,상해없음,보행자,여,68세,사망
834,2018033100100290,2018년 3월 31일 14시,토요일,부산광역시 서구 남부민동,중상사고,0,1,0,0,차대사람 - 횡단중,안전운전불이행,포장 - 건조,맑음,단일로 - 기타,화물,남,55세,상해없음,보행자,남,76세,중상
835,2018033100100293,2018년 3월 31일 14시,토요일,부산광역시 사하구 괴정동,경상사고,0,0,1,0,차대사람 - 기타,안전운전불이행,포장 - 건조,맑음,단일로 - 기타,승용,남,72세,상해없음,보행자,여,27세,경상
836,2018033100100401,2018년 3월 31일 17시,토요일,부산광역시 동구 초량동,경상사고,0,0,1,0,차대사람 - 기타,보행자보호의무위반,포장 - 건조,맑음,단일로 - 기타,승용,남,52세,상해없음,보행자,여,52세,경상
837,2018033100100440,2018년 3월 31일 18시,토요일,부산광역시 기장군 정관읍,중상사고,0,1,0,0,차대사람 - 횡단중,안전운전불이행,포장 - 건조,맑음,단일로 - 기타,승용,여,41세,상해없음,보행자,남,9세,중상
838,2018033100100475,2018년 3월 31일 19시,토요일,부산광역시 부산진구 전포동,중상사고,0,1,1,0,차대사람 - 기타,안전운전불이행,포장 - 건조,맑음,단일로 - 기타,승용,남,24세,상해없음,보행자,여,34세,중상
839,2018033100100535,2018년 3월 31일 21시,토요일,부산광역시 동래구 명륜동,경상사고,0,0,1,0,차대사람 - 차도통행중,안전운전불이행,포장 - 건조,맑음,교차로 - 교차로안,승용,남,34세,상해없음,보행자,남,51세,경상
840,2018033100100536,2018년 3월 31일 21시,토요일,부산광역시 동래구 안락동,중상사고,0,1,0,0,차대사람 - 횡단중,안전운전불이행,포장 - 건조,맑음,단일로 - 기타,이륜,남,39세,상해없음,보행자,여,70세,중상
841,2018033100100565,2018년 3월 31일 22시,토요일,부산광역시 서구 아미동2가,중상사고,0,1,0,0,차대사람 - 기타,안전운전불이행,포장 - 건조,맑음,기타 - 기타,승용,남,71세,상해없음,보행자,여,49세,중상
842,2018033100100567,2018년 3월 31일 22시,토요일,부산광역시 사상구 괘법동,경상사고,0,0,2,0,차대사람 - 횡단중,안전운전불이행,포장 - 건조,맑음,단일로 - 기타,화물,남,56세,경상,보행자,남,56세,경상
843,2018040100100061,2018년 4월 1일 03시,일요일,부산광역시 수영구 민락동,경상사고,0,0,1,0,차대사람 - 기타,안전운전불이행,포장 - 건조,맑음,단일로 - 기타,승용,남,45세,상해없음,보행자,남,36세,경상
844,2018040100100132,2018년 4월 1일 10시,일요일,부산광역시 남구 대연동,중상사고,0,1,0,0,차대사람 - 횡단중,보행자보호의무위반,포장 - 건조,맑음,단일로 - 기타,승용,남,71세,상해없음,보행자,남,7세,중상
845,2018040100100160,2018년 4월 1일 11시,일요일,부산광역시 금정구 장전동,중상사고,0,1,0,0,차대사람 - 길가장자리구역통행중,안전운전불이행,포장 - 건조,맑음,교차로 - 교차로안,승용,남,77세,상해없음,보행자,남,79세,중상
846,2018040100100200,2018년 4월 1일 13시,일요일,부산광역시 중구 남포동1가,경상사고,0,0,1,0,차대사람 - 기타,안전운전불이행,포장 - 건조,맑음,단일로 - 기타,승용,남,65세,기타불명,보행자,남,73세,경상
847,2018040100100201,2018년 4월 1일 13시,일요일,부산광역시 해운대구 반송동,경상사고,0,0,1,0,차대사람 - 차도통행중,안전운전불이행,포장 - 건조,맑음,교차로 - 교차로안,기타불명,기타불명,미분류,기타불명,보행자,여,60세,경상
848,2018040100100284,2018년 4월 1일 16시,일요일,부산광역시 사하구 괴정동,중상사고,0,1,0,0,차대사람 - 기타,안전운전불이행,포장 - 건조,맑음,기타 - 기타,승용,남,38세,상해없음,보행자,여,81세,중상
849,2018040100100341,2018년 4월 1일 18시,일요일,부산광역시 강서구 대저2동,중상사고,0,1,0,0,차대사람 - 횡단중,안전운전불이행,포장 - 건조,맑음,단일로 - 기타,승용,남,66세,상해없음,보행자,남,4세,중상
850,2018040100100395,2018년 4월 1일 20시,일요일,부산광역시 금정구 장전동,경상사고,0,0,1,0,차대사람 - 길가장자리구역통행중,안전운전불이행,포장 - 건조,맑음,단일로 - 기타,승용,남,27세,상해없음,보행자,남,25세,경상
851,2018040200100142,2018년 4월 2일 09시,월요일,부산광역시 동래구 명장동,중상사고,0,1,0,0,차대사람 - 기타,안전운전불이행,포장 - 건조,맑음,교차로 - 교차로횡단보도내,승용,여,30세,상해없음,보행자,남,36세,중상
852,2018040200100144,2018년 4월 2일 09시,월요일,부산광역시 사상구 덕포동,경상사고,0,0,1,0,차대사람 - 길가장자리구역통행중,기타,포장 - 건조,맑음,교차로 - 교차로안,승용,남,59세,상해없음,보행자,남,39세,경상
853,2018040200100260,2018년 4월 2일 13시,월요일,부산광역시 부산진구 당감동,경상사고,0,0,1,0,차대사람 - 기타,안전운전불이행,포장 - 건조,맑음,단일로 - 기타,승용,남,38세,상해없음,보행자,여,66세,경상
854,2018040200100367,2018년 4월 2일 16시,월요일,부산광역시 중구 남포동5가,부상신고사고,0,0,0,1,차대사람 - 차도통행중,안전운전불이행,포장 - 건조,맑음,단일로 - 기타,승용,남,65세,상해없음,보행자,남,55세,부상신고
855,2018040200100436,2018년 4월 2일 18시,월요일,부산광역시 서구 동대신동3가,중상사고,0,1,0,0,차대사람 - 횡단중,보행자보호의무위반,포장 - 건조,맑음,교차로 - 교차로안,승용,여,51세,상해없음,보행자,여,59세,중상
856,2018040200100479,2018년 4월 2일 19시,월요일,부산광역시 북구 금곡동,경상사고,0,0,1,0,차대사람 - 횡단중,안전운전불이행,포장 - 건조,맑음,단일로 - 기타,원동기,남,18세,상해없음,보행자,여,5세,경상
857,2018040200100581,2018년 4월 2일 22시,월요일,부산광역시 동래구 사직동,경상사고,0,0,1,0,차대사람 - 횡단중,보행자보호의무위반,포장 - 건조,맑음,교차로 - 교차로횡단보도내,승용,남,55세,상해없음,보행자,남,26세,경상
858,2018040300100267,2018년 4월 3일 13시,화요일,부산광역시 금정구 구서동,부상신고사고,0,0,0,1,차대사람 - 횡단중,보행자보호의무위반,포장 - 건조,맑음,교차로 - 교차로안,화물,남,60세,상해없음,보행자,남,32세,부상신고
859,2018040300100268,2018년 4월 3일 13시,화요일,부산광역시 기장군 정관읍,중상사고,0,1,0,0,차대사람 - 횡단중,보행자보호의무위반,포장 - 건조,맑음,교차로 - 교차로횡단보도내,승용,여,53세,상해없음,보행자,여,74세,중상
860,2018040300100310,2018년 4월 3일 14시,화요일,부산광역시 사상구 괘법동,중상사고,0,1,0,0,차대사람 - 보도통행중,안전운전불이행,포장 - 건조,맑음,단일로 - 지하차도(도로)내,승용,남,57세,상해없음,보행자,남,27세,중상
861,2018040300100417,2018년 4월 3일 17시,화요일,부산광역시 북구 구포동,중상사고,0,1,0,0,차대사람 - 기타,안전운전불이행,포장 - 건조,맑음,단일로 - 기타,승용,남,19세,상해없음,보행자,여,90세 이상,중상
862,2018040300100489,2018년 4월 3일 19시,화요일,부산광역시 서구 서대신동3가,경상사고,0,0,1,0,차대사람 - 횡단중,보행자보호의무위반,포장 - 건조,맑음,단일로 - 기타,승용,남,59세,상해없음,보행자,남,86세,경상
863,2018040300100493,2018년 4월 3일 19시,화요일,부산광역시 부산진구 개금동,경상사고,0,0,1,0,차대사람 - 횡단중,보행자보호의무위반,포장 - 건조,맑음,단일로 - 기타,승용,남,64세,상해없음,보행자,남,50세,경상
864,2018040400100095,2018년 4월 4일 07시,수요일,부산광역시 서구 암남동,중상사고,0,1,0,0,차대사람 - 횡단중,안전운전불이행,포장 - 건조,맑음,단일로 - 기타,승용,남,39세,상해없음,보행자,남,55세,중상
865,2018040400100270,2018년 4월 4일 13시,수요일,부산광역시 수영구 수영동,중상사고,0,1,0,0,차대사람 - 차도통행중,안전운전불이행,포장 - 젖음/습기,비,교차로 - 교차로안,승합,남,64세,상해없음,보행자,여,85세,중상
866,2018040400100334,2018년 4월 4일 15시,수요일,부산광역시 동구 수정동,중상사고,0,1,0,0,차대사람 - 보도통행중,보행자보호의무위반,포장 - 젖음/습기,비,교차로 - 교차로횡단보도내,승용,여,28세,상해없음,보행자,남,58세,중상
867,2018040400100437,2018년 4월 4일 18시,수요일,부산광역시 부산진구 초읍동,경상사고,0,0,1,0,차대사람 - 횡단중,보행자보호의무위반,포장 - 젖음/습기,비,교차로 - 교차로횡단보도내,승용,남,69세,상해없음,보행자,남,18세,경상
868,2018040400100484,2018년 4월 4일 19시,수요일,부산광역시 사하구 하단동,중상사고,0,1,0,0,차대사람 - 횡단중,보행자보호의무위반,포장 - 젖음/습기,흐림,단일로 - 기타,화물,남,57세,상해없음,보행자,남,55세,중상
869,2018040500100070,2018년 4월 5일 07시,목요일,부산광역시 사하구 당리동,부상신고사고,0,0,0,1,차대사람 - 기타,기타,포장 - 건조,맑음,단일로 - 기타,승합,남,51세,상해없음,보행자,여,65세,부상신고
870,2018040500100092,2018년 4월 5일 08시,목요일,부산광역시 해운대구 중동,경상사고,0,0,1,0,차대사람 - 횡단중,안전운전불이행,포장 - 젖음/습기,흐림,교차로 - 교차로안,승용,남,57세,상해없음,보행자,여,59세,경상
871,2018040500100232,2018년 4월 5일 12시,목요일,부산광역시 북구 화명동,중상사고,0,1,0,0,차대사람 - 기타,안전운전불이행,포장 - 건조,맑음,기타 - 기타,화물,남,62세,상해없음,보행자,남,84세,중상
872,2018040500100233,2018년 4월 5일 12시,목요일,부산광역시 해운대구 우동,부상신고사고,0,0,0,1,차대사람 - 횡단중,보행자보호의무위반,포장 - 건조,맑음,단일로 - 기타,승용,남,53세,상해없음,보행자,남,60세,부상신고
873,2018040500100256,2018년 4월 5일 13시,목요일,부산광역시 사상구 감전동,중상사고,0,1,0,0,차대사람 - 차도통행중,안전운전불이행,포장 - 건조,맑음,단일로 - 기타,화물,남,29세,상해없음,보행자,남,54세,중상
874,2018040500100279,2018년 4월 5일 14시,목요일,부산광역시 부산진구 부전동,경상사고,0,0,1,0,차대사람 - 기타,기타,포장 - 젖음/습기,흐림,교차로 - 교차로부근,화물,남,30세,상해없음,보행자,남,19세,경상
875,2018040500100307,2018년 4월 5일 15시,목요일,부산광역시 사하구 하단동,중상사고,0,1,0,0,차대사람 - 횡단중,안전운전불이행,포장 - 건조,맑음,단일로 - 기타,승용,남,47세,상해없음,보행자,남,8세,중상
876,2018040500100309,2018년 4월 5일 15시,목요일,부산광역시 연제구 연산동,중상사고,0,1,0,0,차대사람 - 횡단중,안전운전불이행,포장 - 건조,맑음,교차로 - 교차로부근,승용,남,60세,상해없음,보행자,남,5세,중상
877,2018040500100334,2018년 4월 5일 16시,목요일,부산광역시 중구 대청동4가,중상사고,0,1,0,0,차대사람 - 기타,안전운전불이행,포장 - 건조,맑음,단일로 - 기타,승용,여,36세,상해없음,보행자,남,19세,중상
878,2018040500100337,2018년 4월 5일 16시,목요일,부산광역시 연제구 거제동,중상사고,0,1,0,0,차대사람 - 횡단중,보행자보호의무위반,포장 - 건조,맑음,교차로 - 교차로횡단보도내,승용,여,43세,상해없음,보행자,남,63세,중상
879,2018040500100555,2018년 4월 5일 21시,목요일,부산광역시 사하구 당리동,경상사고,0,0,1,0,차대사람 - 차도통행중,안전운전불이행,포장 - 건조,맑음,단일로 - 기타,이륜,남,51세,상해없음,보행자,남,63세,경상
880,2018040600100035,2018년 4월 6일 01시,금요일,부산광역시 사하구 하단동,중상사고,0,1,0,0,차대사람 - 횡단중,안전운전불이행,포장 - 젖음/습기,비,단일로 - 기타,승용,남,62세,상해없음,보행자,남,30세,중상
881,2018040600100061,2018년 4월 6일 02시,금요일,부산광역시 부산진구 전포동,중상사고,0,1,0,0,차대사람 - 횡단중,안전운전불이행,포장 - 젖음/습기,비,단일로 - 기타,승용,남,72세,상해없음,보행자,여,48세,중상
882,2018040600100093,2018년 4월 6일 05시,금요일,부산광역시 남구 문현동,중상사고,0,1,0,0,차대사람 - 횡단중,안전운전불이행,포장 - 젖음/습기,비,교차로 - 교차로안,승합,여,36세,상해없음,보행자,여,59세,중상
883,2018040600100205,2018년 4월 6일 10시,금요일,부산광역시 사상구 괘법동,부상신고사고,0,0,0,1,차대사람 - 기타,안전운전불이행,포장 - 젖음/습기,비,단일로 - 기타,승용,남,59세,상해없음,보행자,남,19세,부상신고
884,2018040600100313,2018년 4월 6일 14시,금요일,부산광역시 해운대구 우동,중상사고,0,1,0,0,차대사람 - 기타,안전운전불이행,포장 - 건조,맑음,단일로 - 기타,이륜,남,36세,상해없음,보행자,여,65세,중상
885,2018040600100314,2018년 4월 6일 14시,금요일,부산광역시 부산진구 부전동,중상사고,0,1,0,0,차대사람 - 길가장자리구역통행중,안전운전불이행,포장 - 건조,맑음,단일로 - 기타,승용,여,56세,상해없음,보행자,여,53세,중상
886,2018040600100384,2018년 4월 6일 16시,금요일,부산광역시 동래구 낙민동,경상사고,0,0,1,0,차대사람 - 횡단중,신호위반,포장 - 건조,맑음,교차로 - 교차로안,원동기,남,22세,상해없음,보행자,여,9세,경상
887,2018040600100484,2018년 4월 6일 19시,금요일,부산광역시 부산진구 개금동,중상사고,0,1,0,0,차대사람 - 횡단중,안전운전불이행,포장 - 건조,맑음,교차로 - 교차로안,승용,남,49세,상해없음,보행자,남,70세,중상
888,2018040600100486,2018년 4월 6일 19시,금요일,부산광역시 사하구 장림동,경상사고,0,0,1,0,차대사람 - 기타,기타,포장 - 건조,맑음,단일로 - 기타,승용,남,68세,상해없음,보행자,여,62세,경상
889,2018040600100565,2018년 4월 6일 21시,금요일,부산광역시 남구 용호동,경상사고,0,0,1,0,차대사람 - 횡단중,신호위반,포장 - 건조,맑음,교차로 - 교차로부근,이륜,남,73세,상해없음,보행자,여,62세,경상
890,2018040600100566,2018년 4월 6일 21시,금요일,부산광역시 금정구 남산동,경상사고,0,0,1,0,차대사람 - 횡단중,보행자보호의무위반,포장 - 건조,맑음,교차로 - 교차로안,승용,여,61세,상해없음,보행자,여,56세,경상
891,2018040700100149,2018년 4월 7일 09시,토요일,부산광역시 금정구 부곡동,경상사고,0,0,1,0,차대사람 - 횡단중,보행자보호의무위반,포장 - 건조,맑음,단일로 - 기타,승용,남,44세,상해없음,보행자,남,8세,경상
892,2018040700100206,2018년 4월 7일 11시,토요일,부산광역시 북구 덕천동,중상사고,0,1,0,0,차대사람 - 기타,안전운전불이행,포장 - 건조,맑음,교차로 - 교차로안,화물,남,49세,상해없음,보행자,남,72세,중상
893,2018040700100270,2018년 4월 7일 13시,토요일,부산광역시 부산진구 전포동,중상사고,0,1,0,0,차대사람 - 차도통행중,안전운전불이행,포장 - 건조,맑음,단일로 - 기타,승용,여,49세,상해없음,보행자,여,62세,상해없음
894,2018040800100072,2018년 4월 8일 05시,일요일,부산광역시 영도구 청학동,중상사고,0,1,0,0,차대사람 - 길가장자리구역통행중,안전운전불이행,포장 - 건조,맑음,단일로 - 기타,승용,남,37세,상해없음,보행자,남,62세,중상
895,2018040800100295,2018년 4월 8일 16시,일요일,부산광역시 부산진구 부전동,경상사고,0,0,1,0,차대사람 - 횡단중,보행자보호의무위반,포장 - 건조,맑음,단일로 - 기타,승용,남,37세,상해없음,보행자,여,12세,경상
896,2018040800100490,2018년 4월 8일 23시,일요일,부산광역시 사하구 하단동,중상사고,0,1,0,0,차대사람 - 기타,안전운전불이행,포장 - 건조,맑음,주차장 - 주차장,승용,남,28세,상해없음,보행자,남,64세,중상
897,2018040900100040,2018년 4월 9일 05시,월요일,부산광역시 북구 금곡동,중상사고,0,1,0,0,차대사람 - 기타,안전운전불이행,포장 - 건조,맑음,단일로 - 기타,승용,여,52세,상해없음,보행자,남,56세,중상
898,2018040900100041,2018년 4월 9일 05시,월요일,부산광역시 부산진구 가야동,경상사고,0,0,1,0,차대사람 - 보도통행중,기타,포장 - 건조,맑음,단일로 - 기타,승용,남,70세,상해없음,보행자,여,70세,경상
899,2018040900100139,2018년 4월 9일 09시,월요일,부산광역시 동구 수정동,부상신고사고,0,0,0,1,차대사람 - 횡단중,안전운전불이행,포장 - 건조,맑음,단일로 - 기타,이륜,남,82세,부상신고,보행자,남,54세,상해없음
900,2018040900100168,2018년 4월 9일 10시,월요일,부산광역시 남구 감만동,중상사고,0,1,0,0,차대사람 - 횡단중,보행자보호의무위반,포장 - 건조,맑음,교차로 - 교차로횡단보도내,승용,남,80세,상해없음,보행자,여,58세,중상
901,2018040900100169,2018년 4월 9일 10시,월요일,부산광역시 북구 금곡동,중상사고,0,2,0,0,차대사람 - 기타,안전운전불이행,포장 - 건조,맑음,단일로 - 기타,자전거,남,55세,상해없음,보행자,여,58세,중상
902,2018040900100208,2018년 4월 9일 11시,월요일,부산광역시 수영구 남천동,경상사고,0,0,1,0,차대사람 - 기타,안전운전불이행,포장 - 건조,맑음,단일로 - 기타,승용,여,71세,상해없음,보행자,남,75세,경상