,사고번호,사고일시,요일,시군구,사고내용,사망자수,중상자수,경상자수,부상신고자수,사고유형,법규위반,노면상태,기상상태,도로형태,가해운전자 차종,가해운전자 성별,가해운전자 연령,가해운전자 상해정도,피해운전자 차종,피해운전자 성별,피해운전자 연령,피해운전자 상해정도
903,2018040900100249,2018년 4월 9일 12시,월요일,부산광역시 서구 동대신동1가,중상사고,0,1,0,0,차대사람 - 차도통행중,안전운전불이행,포장 - 건조,맑음,단일로 - 기타,화물,남,62세,상해없음,보행자,남,77세,중상
904,2018040900100289,2018년 4월 9일 13시,월요일,부산광역시 금정구 서동,부상신고사고,0,0,0,2,차대사람 - 횡단중,안전운전불이행,포장 - 건조,맑음,교차로 - 교차로안,승용,남,35세,상해없음,보행자,여,50세,부상신고
905,2018040900100356,2018년 4월 9일 15시,월요일,부산광역시 남구 대연동,중상사고,0,1,0,0,차대사람 - 횡단중,보행자보호의무위반,포장 - 건조,맑음,교차로 - 교차로안,화물,남,52세,상해없음,보행자,여,78세,중상
906,2018040900100389,2018년 4월 9일 16시,월요일,부산광역시 동래구 온천동,경상사고,0,0,1,0,차대사람 - 기타,안전운전불이행,포장 - 건조,맑음,단일로 - 기타,화물,남,60세,상해없음,보행자,남,82세,경상
907,2018040900100390,2018년 4월 9일 16시,월요일,부산광역시 동래구 온천동,부상신고사고,0,0,0,1,차대사람 - 횡단중,안전운전불이행,포장 - 건조,맑음,단일로 - 기타,승용,남,74세,상해없음,보행자,남,10세,부상신고
908,2018040900100569,2018년 4월 9일 20시,월요일,부산광역시 부산진구 가야동,경상사고,0,0,1,0,차대사람 - 기타,안전운전불이행,포장 - 건조,맑음,교차로 - 교차로안,승용,남,54세,상해없음,보행자,여,69세,경상
909,2018041000100078,2018년 4월 10일 07시,화요일,부산광역시 해운대구 우동,경상사고,0,0,1,0,차대사람 - 기타,신호위반,포장 - 건조,맑음,교차로 - 교차로안,화물,남,45세,상해없음,보행자,남,39세,경상
910,2018041000100213,2018년 4월 10일 11시,화요일,부산광역시 부산진구 개금동,중상사고,0,1,0,0,차대사람 - 기타,안전운전불이행,포장 - 건조,맑음,단일로 - 기타,승용,남,34세,상해없음,보행자,여,65세,중상
911,2018041000100214,2018년 4월 10일 11시,화요일,부산광역시 연제구 거제동,경상사고,0,0,1,0,차대사람 - 횡단중,보행자보호의무위반,포장 - 건조,맑음,교차로 - 교차로횡단보도내,화물,남,49세,상해없음,보행자,여,59세,경상
912,2018041000100249,2018년 4월 10일 12시,화요일,부산광역시 해운대구 우동,경상사고,0,0,1,0,차대사람 - 기타,안전운전불이행,포장 - 건조,맑음,단일로 - 기타,승용,남,53세,상해없음,보행자,남,50세,경상
913,2018041000100330,2018년 4월 10일 15시,화요일,부산광역시 부산진구 전포동,중상사고,0,1,0,0,차대사람 - 기타,안전운전불이행,포장 - 건조,맑음,단일로 - 기타,이륜,남,23세,상해없음,보행자,여,73세,중상
914,2018041000100449,2018년 4월 10일 18시,화요일,부산광역시 동래구 안락동,경상사고,0,0,1,0,차대사람 - 횡단중,안전운전불이행,포장 - 건조,맑음,단일로 - 기타,승용,남,56세,상해없음,보행자,여,8세,경상
915,2018041000100450,2018년 4월 10일 18시,화요일,부산광역시 연제구 연산동,중상사고,0,1,0,0,차대사람 - 차도통행중,안전운전불이행,포장 - 건조,맑음,교차로 - 교차로부근,승용,여,43세,상해없음,보행자,여,63세,중상
916,2018041000100603,2018년 4월 10일 22시,화요일,부산광역시 연제구 거제동,중상사고,0,1,0,0,차대사람 - 횡단중,안전운전불이행,포장 - 건조,맑음,교차로 - 교차로부근,승용,남,70세,상해없음,보행자,남,16세,중상
917,2018041100100096,2018년 4월 11일 08시,수요일,부산광역시 부산진구 초읍동,중상사고,0,1,0,0,차대사람 - 횡단중,보행자보호의무위반,포장 - 건조,맑음,교차로 - 교차로안,화물,남,78세,상해없음,보행자,남,74세,중상
918,2018041100100256,2018년 4월 11일 13시,수요일,부산광역시 해운대구 재송동,중상사고,0,1,0,0,차대사람 - 보도통행중,기타,포장 - 건조,맑음,교차로 - 교차로부근,승용,남,44세,상해없음,보행자,여,70세,중상
919,2018041100100257,2018년 4월 11일 13시,수요일,부산광역시 수영구 망미동,중상사고,0,1,0,0,차대사람 - 기타,안전운전불이행,포장 - 건조,맑음,단일로 - 기타,승용,여,60세,상해없음,보행자,여,65세,중상
920,2018041100100352,2018년 4월 11일 16시,수요일,부산광역시 북구 덕천동,중상사고,0,1,0,0,차대사람 - 기타,안전운전불이행,포장 - 건조,맑음,단일로 - 기타,승용,남,37세,상해없음,보행자,여,81세,중상
921,2018041100100353,2018년 4월 11일 16시,수요일,부산광역시 사상구 괘법동,경상사고,0,0,1,0,차대사람 - 길가장자리구역통행중,안전운전불이행,포장 - 건조,맑음,단일로 - 기타,승용,남,71세,상해없음,보행자,남,20세,경상
922,2018041100100454,2018년 4월 11일 18시,수요일,부산광역시 남구 감만동,중상사고,0,1,0,0,차대사람 - 횡단중,안전운전불이행,포장 - 건조,맑음,단일로 - 기타,승용,남,65세,상해없음,보행자,여,60세,중상
923,2018041100100457,2018년 4월 11일 18시,수요일,부산광역시 사상구 주례동,경상사고,0,0,1,0,차대사람 - 길가장자리구역통행중,안전운전불이행,포장 - 건조,맑음,단일로 - 기타,승용,남,53세,상해없음,보행자,남,22세,경상
924,2018041100100559,2018년 4월 11일 21시,수요일,부산광역시 동구 범일동,중상사고,0,1,0,0,차대사람 - 차도통행중,안전운전불이행,포장 - 건조,맑음,단일로 - 기타,이륜,남,18세,상해없음,보행자,남,42세,중상
925,2018041100100560,2018년 4월 11일 21시,수요일,부산광역시 수영구 남천동,경상사고,0,0,2,0,차대사람 - 횡단중,안전운전불이행,포장 - 건조,맑음,단일로 - 기타,승용,여,37세,상해없음,보행자,여,34세,경상
926,2018041100100579,2018년 4월 11일 22시,수요일,부산광역시 연제구 거제동,중상사고,0,1,0,0,차대사람 - 횡단중,안전운전불이행,포장 - 건조,맑음,단일로 - 기타,승용,여,54세,상해없음,보행자,남,57세,중상
927,2018041100100604,2018년 4월 11일 23시,수요일,부산광역시 부산진구 개금동,중상사고,0,1,0,0,차대사람 - 횡단중,안전운전불이행,포장 - 건조,맑음,단일로 - 기타,승용,남,58세,상해없음,보행자,여,26세,중상
928,2018041200100033,2018년 4월 12일 03시,목요일,부산광역시 부산진구 부전동,경상사고,0,0,1,0,차대사람 - 차도통행중,안전운전불이행,포장 - 건조,맑음,단일로 - 기타,승용,남,18세,상해없음,보행자,남,23세,경상
929,2018041200100034,2018년 4월 12일 03시,목요일,부산광역시 사상구 엄궁동,중상사고,0,1,0,0,차대사람 - 횡단중,안전운전불이행,포장 - 건조,맑음,단일로 - 기타,승용,남,63세,상해없음,보행자,남,36세,중상
930,2018041200100172,2018년 4월 12일 10시,목요일,부산광역시 금정구 장전동,부상신고사고,0,0,0,1,차대사람 - 길가장자리구역통행중,안전운전불이행,포장 - 건조,맑음,교차로 - 교차로안,승용,남,62세,상해없음,보행자,여,19세,부상신고
931,2018041200100210,2018년 4월 12일 11시,목요일,부산광역시 중구 남포동6가,중상사고,0,1,0,0,차대사람 - 기타,안전운전불이행,포장 - 젖음/습기,맑음,단일로 - 기타,이륜,남,67세,상해없음,보행자,여,69세,중상
932,2018041200100303,2018년 4월 12일 14시,목요일,부산광역시 부산진구 부전동,중상사고,0,1,0,0,차대사람 - 횡단중,안전운전불이행,포장 - 건조,맑음,교차로 - 교차로안,승용,남,64세,상해없음,보행자,여,68세,중상
933,2018041200100341,2018년 4월 12일 15시,목요일,부산광역시 남구 용호동,경상사고,0,0,1,0,차대사람 - 기타,안전운전불이행,포장 - 건조,맑음,단일로 - 기타,승용,여,55세,상해없음,보행자,남,13세,경상
934,2018041200100343,2018년 4월 12일 15시,목요일,부산광역시 금정구 부곡동,중상사고,0,1,0,0,차대사람 - 기타,안전운전불이행,포장 - 건조,맑음,교차로 - 교차로부근,특수,남,47세,상해없음,보행자,여,87세,중상
935,2018041200100372,2018년 4월 12일 16시,목요일,부산광역시 동구 좌천동,중상사고,0,1,0,0,차대사람 - 기타,안전운전불이행,포장 - 건조,맑음,주차장 - 주차장,승용,남,34세,상해없음,보행자,여,75세,중상
936,2018041200100374,2018년 4월 12일 16시,목요일,부산광역시 기장군 기장읍,부상신고사고,0,0,0,1,차대사람 - 보도통행중,신호위반,포장 - 건조,맑음,교차로 - 교차로횡단보도내,기타불명,기타불명,미분류,기타불명,보행자,남,23세,부상신고
937,2018041200100460,2018년 4월 12일 18시,목요일,부산광역시 북구 화명동,경상사고,0,0,1,0,차대사람 - 기타,안전운전불이행,포장 - 건조,맑음,단일로 - 기타,이륜,남,22세,상해없음,보행자,남,22세,경상
938,2018041200100586,2018년 4월 12일 21시,목요일,부산광역시 부산진구 전포동,경상사고,0,0,1,0,차대사람 - 기타,안전운전불이행,포장 - 건조,맑음,교차로 - 교차로부근,기타불명,기타불명,미분류,기타불명,보행자,남,35세,경상
939,2018041200100587,2018년 4월 12일 21시,목요일,부산광역시 금정구 구서동,경상사고,0,0,1,0,차대사람 - 기타,안전운전불이행,포장 - 건조,맑음,단일로 - 기타,승합,여,59세,상해없음,보행자,여,22세,경상
940,2018041200100615,2018년 4월 12일 22시,목요일,부산광역시 사하구 구평동,경상사고,0,0,1,0,차대사람 - 횡단중,안전운전불이행,포장 - 건조,맑음,교차로 - 교차로부근,승용,남,58세,상해없음,보행자,남,47세,경상
941,2018041300100029,2018년 4월 13일 02시,금요일,부산광역시 남구 대연동,경상사고,0,0,1,0,차대사람 - 횡단중,안전운전불이행,포장 - 건조,맑음,교차로 - 교차로안,승용,남,71세,상해없음,보행자,여,47세,경상
942,2018041300100109,2018년 4월 13일 08시,금요일,부산광역시 서구 동대신동3가,중상사고,0,1,0,0,차대사람 - 횡단중,신호위반,포장 - 건조,맑음,교차로 - 교차로부근,원동기,남,15세,상해없음,보행자,여,71세,중상
943,2018041300100111,2018년 4월 13일 08시,금요일,부산광역시 부산진구 양정동,중상사고,0,1,0,0,차대사람 - 기타,안전운전불이행,포장 - 건조,맑음,교차로 - 교차로부근,승용,남,69세,상해없음,보행자,여,11세,중상
944,2018041300100113,2018년 4월 13일 08시,금요일,부산광역시 사하구 하단동,경상사고,0,0,1,0,차대사람 - 길가장자리구역통행중,안전운전불이행,포장 - 건조,맑음,기타 - 기타,승용,여,44세,상해없음,보행자,남,24세,경상
945,2018041300100225,2018년 4월 13일 11시,금요일,부산광역시 영도구 동삼동,중상사고,0,1,0,0,차대사람 - 횡단중,안전운전불이행,포장 - 건조,맑음,단일로 - 기타,승용,여,29세,상해없음,보행자,여,68세,중상
946,2018041300100331,2018년 4월 13일 15시,금요일,부산광역시 해운대구 우동,중상사고,0,1,0,0,차대사람 - 횡단중,신호위반,포장 - 건조,맑음,교차로 - 교차로횡단보도내,승용,남,62세,상해없음,보행자,여,48세,중상
947,2018041300100332,2018년 4월 13일 15시,금요일,부산광역시 사하구 장림동,경상사고,0,0,1,0,차대사람 - 기타,안전운전불이행,포장 - 건조,맑음,기타 - 기타,승용,남,43세,상해없음,보행자,남,26세,경상
948,2018041300100370,2018년 4월 13일 16시,금요일,부산광역시 해운대구 반여동,중상사고,0,1,0,0,차대사람 - 횡단중,기타,포장 - 건조,흐림,단일로 - 기타,승용,여,50세,상해없음,보행자,남,9세,중상
949,2018041300100371,2018년 4월 13일 16시,금요일,부산광역시 금정구 장전동,경상사고,0,0,1,0,차대사람 - 횡단중,안전운전불이행,포장 - 건조,맑음,교차로 - 교차로안,승용,여,32세,상해없음,보행자,남,28세,경상
950,2018041300100372,2018년 4월 13일 16시,금요일,부산광역시 강서구 강동동,중상사고,0,1,0,0,차대사람 - 기타,안전운전불이행,포장 - 건조,맑음,단일로 - 기타,승합,남,39세,상해없음,보행자,여,90세 이상,중상
951,2018041300100494,2018년 4월 13일 19시,금요일,부산광역시 남구 용호동,중상사고,0,1,0,0,차대사람 - 기타,안전운전불이행,포장 - 건조,맑음,단일로 - 기타,승합,남,45세,상해없음,보행자,남,12세,중상
952,2018041300100531,2018년 4월 13일 20시,금요일,부산광역시 동구 초량동,부상신고사고,0,0,0,1,차대사람 - 기타,안전운전불이행,포장 - 건조,맑음,단일로 - 기타,승용,남,64세,상해없음,보행자,여,56세,부상신고
953,2018041300100611,2018년 4월 13일 22시,금요일,부산광역시 중구 남포동6가,경상사고,0,0,1,0,차대사람 - 기타,안전운전불이행,포장 - 건조,맑음,단일로 - 기타,기타불명,기타불명,미분류,기타불명,보행자,여,44세,경상
954,2018041300100612,2018년 4월 13일 22시,금요일,부산광역시 사하구 하단동,중상사고,0,1,0,0,차대사람 - 기타,안전운전불이행,포장 - 건조,맑음,교차로 - 교차로안,승용,남,49세,상해없음,보행자,남,50세,중상
955,2018041300100642,2018년 4월 13일 23시,금요일,부산광역시 북구 덕천동,경상사고,0,0,1,0,차대사람 - 기타,안전운전불이행,포장 - 건조,맑음,기타 - 기타,승용,남,62세,상해없음,보행자,남,63세,경상
956,2018041300100643,2018년 4월 13일 23시,금요일,부산광역시 사하구 장림동,중상사고,0,1,0,0,차대사람 - 기타,안전운전불이행,포장 - 건조,맑음,단일로 - 기타,승합,남,51세,상해없음,보행자,여,57세,중상
957,2018041400100096,2018년 4월 14일 05시,토요일,부산광역시 남구 대연동,중상사고,0,1,0,0,차대사람 - 보도통행중,안전운전불이행,포장 - 젖음/습기,비,단일로 - 기타,승용,남,30세,상해없음,보행자,남,64세,중상
958,2018041400100221,2018년 4월 14일 11시,토요일,부산광역시 해운대구 반송동,중상사고,0,1,0,0,차대사람 - 횡단중,보행자보호의무위반,포장 - 젖음/습기,비,교차로 - 교차로횡단보도내,승용,남,26세,상해없음,보행자,여,77세,중상
959,2018041400100423,2018년 4월 14일 17시,토요일,부산광역시 사하구 하단동,경상사고,0,0,1,0,차대사람 - 기타,안전운전불이행,포장 - 건조,맑음,단일로 - 기타,이륜,남,22세,상해없음,보행자,여,82세,경상
960,2018041400100468,2018년 4월 14일 19시,토요일,부산광역시 해운대구 좌동,경상사고,0,0,1,0,차대사람 - 횡단중,신호위반,포장 - 건조,맑음,교차로 - 교차로횡단보도내,이륜,남,47세,상해없음,보행자,여,28세,경상
961,2018041400100469,2018년 4월 14일 19시,토요일,부산광역시 금정구 노포동,사망사고,1,0,0,0,차대사람 - 기타,안전운전불이행,포장 - 건조,흐림,단일로 - 기타,승용,남,69세,상해없음,보행자,여,69세,사망
962,2018041400100496,2018년 4월 14일 20시,토요일,부산광역시 사하구 당리동,중상사고,0,1,0,0,차대사람 - 차도통행중,안전운전불이행,포장 - 건조,맑음,단일로 - 지하차도(도로)내,이륜,남,22세,상해없음,보행자,남,79세,중상
963,2018041400100544,2018년 4월 14일 22시,토요일,부산광역시 사하구 하단동,경상사고,0,0,2,0,차대사람 - 차도통행중,안전운전불이행,포장 - 건조,맑음,단일로 - 지하차도(도로)내,승합,남,36세,상해없음,보행자,남,49세,경상
964,2018041500100003,2018년 4월 15일 00시,일요일,부산광역시 수영구 광안동,경상사고,0,0,1,0,차대사람 - 횡단중,안전운전불이행,포장 - 건조,맑음,단일로 - 기타,승용,남,56세,상해없음,보행자,여,20세,경상
965,2018041500100115,2018년 4월 15일 10시,일요일,부산광역시 남구 대연동,경상사고,0,0,1,0,차대사람 - 길가장자리구역통행중,안전운전불이행,포장 - 건조,맑음,단일로 - 기타,승용,남,70세,상해없음,보행자,여,63세,경상
966,2018041500100189,2018년 4월 15일 13시,일요일,부산광역시 해운대구 재송동,중상사고,0,1,0,0,차대사람 - 차도통행중,안전운전불이행,포장 - 건조,맑음,단일로 - 기타,승용,여,50세,상해없음,보행자,남,63세,중상
967,2018041500100190,2018년 4월 15일 13시,일요일,부산광역시 부산진구 개금동,중상사고,0,1,1,0,차대사람 - 기타,안전운전불이행,포장 - 건조,맑음,단일로 - 기타,승용,남,61세,상해없음,보행자,남,53세,경상
968,2018041500100294,2018년 4월 15일 16시,일요일,부산광역시 수영구 광안동,중상사고,0,1,0,0,차대사람 - 길가장자리구역통행중,안전운전불이행,포장 - 건조,맑음,기타 - 기타,승용,여,46세,상해없음,보행자,남,73세,중상
969,2018041500100295,2018년 4월 15일 16시,일요일,부산광역시 해운대구 좌동,중상사고,0,1,1,0,차대사람 - 횡단중,보행자보호의무위반,포장 - 건조,맑음,교차로 - 교차로부근,이륜,남,22세,경상,보행자,여,46세,중상
970,2018041500100320,2018년 4월 15일 17시,일요일,부산광역시 수영구 남천동,경상사고,0,0,1,0,차대사람 - 기타,안전운전불이행,포장 - 건조,맑음,단일로 - 기타,승용,여,33세,상해없음,보행자,여,53세,경상
971,2018041500100321,2018년 4월 15일 17시,일요일,부산광역시 동래구 낙민동,경상사고,0,0,1,0,차대사람 - 기타,안전운전불이행,포장 - 건조,맑음,기타 - 기타,자전거,여,45세,상해없음,보행자,여,56세,경상
972,2018041500100360,2018년 4월 15일 18시,일요일,부산광역시 부산진구 전포동,중상사고,0,1,0,0,차대사람 - 횡단중,안전운전불이행,포장 - 건조,맑음,교차로 - 교차로안,승용,남,66세,상해없음,보행자,여,24세,중상
973,2018041500100390,2018년 4월 15일 19시,일요일,부산광역시 금정구 서동,중상사고,0,1,0,0,차대사람 - 횡단중,보행자보호의무위반,포장 - 건조,맑음,교차로 - 교차로안,승용,남,45세,상해없음,보행자,남,46세,중상
974,2018041500100416,2018년 4월 15일 20시,일요일,부산광역시 사상구 괘법동,경상사고,0,0,2,0,차대사람 - 보도통행중,신호위반,포장 - 건조,맑음,단일로 - 기타,승용,남,33세,상해없음,보행자,남,22세,경상
975,2018041500100444,2018년 4월 15일 21시,일요일,부산광역시 수영구 민락동,경상사고,0,0,1,0,차대사람 - 횡단중,안전운전불이행,포장 - 건조,맑음,단일로 - 기타,기타불명,기타불명,미분류,기타불명,보행자,남,19세,경상
976,2018041500100476,2018년 4월 15일 22시,일요일,부산광역시 동구 수정동,경상사고,0,0,1,0,차대사람 - 차도통행중,안전운전불이행,포장 - 건조,맑음,단일로 - 기타,승용,남,65세,상해없음,보행자,여,69세,경상
977,2018041600100163,2018년 4월 16일 09시,월요일,부산광역시 수영구 광안동,경상사고,0,0,1,0,차대사람 - 횡단중,신호위반,포장 - 건조,맑음,교차로 - 교차로안,화물,남,56세,상해없음,보행자,여,71세,경상
978,2018041600100244,2018년 4월 16일 12시,월요일,부산광역시 동래구 사직동,경상사고,0,0,1,0,차대사람 - 길가장자리구역통행중,안전운전불이행,포장 - 건조,맑음,단일로 - 기타,이륜,기타불명,미분류,기타불명,보행자,남,53세,경상
979,2018041600100310,2018년 4월 16일 14시,월요일,부산광역시 금정구 장전동,중상사고,0,1,0,0,차대사람 - 횡단중,안전운전불이행,포장 - 건조,맑음,교차로 - 교차로부근,승용,남,63세,상해없음,보행자,여,27세,중상
980,2018041600100410,2018년 4월 16일 17시,월요일,부산광역시 해운대구 재송동,중상사고,0,1,0,0,차대사람 - 횡단중,불법유턴,포장 - 건조,맑음,교차로 - 교차로부근,승용,남,42세,상해없음,보행자,남,25세,중상
981,2018041600100452,2018년 4월 16일 18시,월요일,부산광역시 사하구 하단동,중상사고,0,1,1,0,차대사람 - 횡단중,신호위반,포장 - 건조,맑음,교차로 - 교차로횡단보도내,승용,여,31세,상해없음,보행자,남,8세,중상
982,2018041600100494,2018년 4월 16일 19시,월요일,부산광역시 부산진구 전포동,경상사고,0,0,1,0,차대사람 - 횡단중,안전운전불이행,포장 - 건조,맑음,교차로 - 교차로안,승용,남,49세,상해없음,보행자,여,75세,경상
983,2018041700100018,2018년 4월 17일 01시,화요일,부산광역시 연제구 연산동,경상사고,0,0,1,0,차대사람 - 횡단중,신호위반,포장 - 건조,맑음,교차로 - 교차로횡단보도내,승용,남,58세,상해없음,보행자,남,21세,경상
984,2018041700100097,2018년 4월 17일 08시,화요일,부산광역시 부산진구 부전동,경상사고,0,0,1,0,차대사람 - 횡단중,보행자보호의무위반,포장 - 건조,맑음,교차로 - 교차로횡단보도내,승용,여,53세,상해없음,보행자,여,21세,경상
985,2018041700100135,2018년 4월 17일 09시,화요일,부산광역시 동구 수정동,경상사고,0,0,1,0,차대사람 - 횡단중,보행자보호의무위반,포장 - 건조,맑음,교차로 - 교차로부근,화물,남,55세,상해없음,보행자,여,44세,경상
986,2018041700100136,2018년 4월 17일 09시,화요일,부산광역시 해운대구 좌동,중상사고,0,1,0,0,차대사람 - 횡단중,안전운전불이행,포장 - 건조,맑음,단일로 - 기타,승용,남,53세,상해없음,보행자,여,66세,중상
987,2018041700100263,2018년 4월 17일 13시,화요일,부산광역시 동래구 온천동,중상사고,0,1,0,0,차대사람 - 기타,보행자보호의무위반,포장 - 건조,맑음,교차로 - 교차로부근,승합,남,63세,상해없음,보행자,남,52세,중상
988,2018041700100294,2018년 4월 17일 14시,화요일,부산광역시 수영구 남천동,경상사고,0,0,1,0,차대사람 - 횡단중,보행자보호의무위반,포장 - 건조,맑음,교차로 - 교차로횡단보도내,승용,남,47세,상해없음,보행자,남,51세,경상
989,2018041700100295,2018년 4월 17일 14시,화요일,부산광역시 부산진구 당감동,경상사고,0,0,1,0,차대사람 - 기타,안전운전불이행,포장 - 건조,맑음,단일로 - 기타,화물,남,61세,상해없음,보행자,남,37세,경상
990,2018041700100333,2018년 4월 17일 15시,화요일,부산광역시 금정구 부곡동,중상사고,0,1,0,0,차대사람 - 횡단중,보행자보호의무위반,포장 - 건조,맑음,교차로 - 교차로안,화물,남,51세,상해없음,보행자,여,76세,중상
991,2018041700100412,2018년 4월 17일 17시,화요일,부산광역시 해운대구 반여동,부상신고사고,0,0,0,1,차대사람 - 횡단중,보행자보호의무위반,포장 - 건조,맑음,단일로 - 기타,승용,여,37세,상해없음,보행자,남,6세,부상신고
992,2018041700100554,2018년 4월 17일 21시,화요일,부산광역시 부산진구 부전동,중상사고,0,1,0,0,차대사람 - 기타,안전운전불이행,포장 - 건조,맑음,교차로 - 교차로부근,승용,여,69세,상해없음,보행자,남,42세,중상
993,2018041700100597,2018년 4월 17일 23시,화요일,부산광역시 사하구 하단동,경상사고,0,0,1,0,차대사람 - 차도통행중,안전운전불이행,포장 - 건조,맑음,기타 - 기타,승용,남,59세,상해없음,보행자,여,55세,경상
994,2018041800100113,2018년 4월 18일 08시,수요일,부산광역시 동래구 온천동,경상사고,0,0,1,0,차대사람 - 횡단중,보행자보호의무위반,포장 - 건조,맑음,교차로 - 교차로부근,승용,여,38세,상해없음,보행자,여,14세,경상
995,2018041800100220,2018년 4월 18일 11시,수요일,부산광역시 수영구 수영동,중상사고,0,1,0,0,차대사람 - 횡단중,안전운전불이행,포장 - 건조,맑음,교차로 - 교차로안,승용,남,64세,기타불명,보행자,남,47세,중상
996,2018041800100241,2018년 4월 18일 12시,수요일,부산광역시 남구 대연동,중상사고,0,1,0,0,차대사람 - 횡단중,신호위반,포장 - 건조,맑음,단일로 - 기타,승용,여,49세,상해없음,보행자,여,21세,중상
997,2018041800100299,2018년 4월 18일 14시,수요일,부산광역시 해운대구 좌동,경상사고,0,0,1,0,차대사람 - 횡단중,안전운전불이행,포장 - 건조,맑음,교차로 - 교차로부근,승용,여,51세,상해없음,보행자,남,7세,경상
998,2018041800100413,2018년 4월 18일 17시,수요일,부산광역시 영도구 동삼동,중상사고,0,1,0,0,차대사람 - 횡단중,안전운전불이행,포장 - 건조,맑음,단일로 - 기타,승합,남,65세,상해없음,보행자,남,70세,중상
999,2018041800100458,2018년 4월 18일 18시,수요일,부산광역시 기장군 기장읍,중상사고,0,1,0,0,차대사람 - 횡단중,보행자보호의무위반,포장 - 건조,맑음,단일로 - 기타,화물,남,48세,상해없음,보행자,남,70세,중상
1000,2018041800100559,2018년 4월 18일 21시,수요일,부산광역시 사하구 하단동,경상사고,0,0,1,0,차대사람 - 횡단중,신호위반,포장 - 건조,맑음,단일로 - 기타,승용,남,48세,상해없음,보행자,남,65세,경상
1001,2018041800100592,2018년 4월 18일 22시,수요일,부산광역시 부산진구 가야동,경상사고,0,0,1,0,차대사람 - 횡단중,보행자보호의무위반,포장 - 건조,맑음,교차로 - 교차로부근,승용,남,31세,상해없음,보행자,여,7세,경상
1002,2018041900100061,2018년 4월 19일 06시,목요일,부산광역시 동구 초량동,중상사고,0,1,0,0,차대사람 - 횡단중,안전운전불이행,포장 - 건조,맑음,교차로 - 교차로안,승용,남,63세,상해없음,보행자,여,61세,중상
1003,2018041900100148,2018년 4월 19일 09시,목요일,부산광역시 남구 대연동,경상사고,0,0,1,0,차대사람 - 길가장자리구역통행중,안전운전불이행,포장 - 건조,맑음,기타 - 기타,승용,남,32세,상해없음,보행자,여,20세,경상
1004,2018041900100172,2018년 4월 19일 10시,목요일,부산광역시 부산진구 부전동,중상사고,0,1,0,0,차대사람 - 기타,안전운전불이행,포장 - 건조,맑음,단일로 - 기타,승용,여,62세,상해없음,보행자,남,83세,중상
1005,2018041900100201,2018년 4월 19일 11시,목요일,부산광역시 수영구 망미동,경상사고,0,0,1,0,차대사람 - 보도통행중,보행자보호의무위반,포장 - 건조,맑음,교차로 - 교차로횡단보도내,건설기계,남,57세,상해없음,보행자,남,63세,경상
1006,2018041900100254,2018년 4월 19일 13시,목요일,부산광역시 수영구 광안동,중상사고,0,1,0,0,차대사람 - 횡단중,보행자보호의무위반,포장 - 건조,맑음,교차로 - 교차로부근,승용,남,25세,상해없음,보행자,여,80세,중상
1007,2018041900100364,2018년 4월 19일 16시,목요일,부산광역시 부산진구 양정동,중상사고,0,1,0,0,차대사람 - 횡단중,안전운전불이행,포장 - 건조,맑음,단일로 - 기타,승용,남,55세,상해없음,보행자,남,16세,중상
1008,2018041900100452,2018년 4월 19일 18시,목요일,부산광역시 해운대구 반여동,중상사고,0,1,0,0,차대사람 - 기타,안전거리미확보,포장 - 건조,맑음,단일로 - 기타,화물,남,39세,상해없음,보행자,남,7세,중상
1009,2018041900100559,2018년 4월 19일 21시,목요일,부산광역시 동래구 명장동,중상사고,0,1,0,0,차대사람 - 횡단중,신호위반,포장 - 건조,맑음,단일로 - 기타,승용,남,68세,상해없음,보행자,여,61세,중상
1010,2018041900100561,2018년 4월 19일 21시,목요일,부산광역시 해운대구 우동,경상사고,0,0,1,0,차대사람 - 기타,안전운전불이행,포장 - 기타,맑음,단일로 - 기타,자전거,남,15세,상해없음,보행자,여,55세,경상
1011,2018041900100562,2018년 4월 19일 21시,목요일,부산광역시 부산진구 부암동,중상사고,0,2,1,0,차대사람 - 보도통행중,기타,포장 - 건조,맑음,단일로 - 기타,승용,여,49세,상해없음,보행자,여,67세,경상
1012,2018041900100584,2018년 4월 19일 22시,목요일,부산광역시 수영구 민락동,경상사고,0,0,1,0,차대사람 - 횡단중,교차로운행방법위반,포장 - 건조,맑음,교차로 - 교차로안,원동기,남,20세,상해없음,보행자,여,57세,경상
1013,2018042000100073,2018년 4월 20일 07시,금요일,부산광역시 북구 구포동,중상사고,0,1,0,0,차대사람 - 기타,안전운전불이행,포장 - 건조,맑음,단일로 - 기타,기타불명,기타불명,미분류,기타불명,보행자,여,26세,중상
1014,2018042000100235,2018년 4월 20일 12시,금요일,부산광역시 사상구 괘법동,경상사고,0,0,1,0,차대사람 - 횡단중,안전운전불이행,포장 - 건조,맑음,단일로 - 기타,화물,남,55세,상해없음,보행자,남,59세,경상
1015,2018042000100262,2018년 4월 20일 13시,금요일,부산광역시 사하구 장림동,중상사고,0,1,0,0,차대사람 - 기타,안전운전불이행,포장 - 건조,맑음,단일로 - 기타,승용,남,67세,상해없음,보행자,여,90세 이상,중상