,사고번호,사고일시,요일,시군구,사고내용,사망자수,중상자수,경상자수,부상신고자수,사고유형,법규위반,노면상태,기상상태,도로형태,가해운전자 차종,가해운전자 성별,가해운전자 연령,가해운전자 상해정도,피해운전자 차종,피해운전자 성별,피해운전자 연령,피해운전자 상해정도
2472,2018100100100377,2018년 10월 1일 16시,월요일,부산광역시 동래구 수안동,중상사고,0,1,0,0,차대사람 - 차도통행중,안전운전불이행,포장 - 건조,맑음,단일로 - 기타,화물,남,70세,상해없음,보행자,여,67세,중상
2473,2018100100100465,2018년 10월 1일 18시,월요일,부산광역시 부산진구 부전동,중상사고,0,1,0,0,차대사람 - 횡단중,안전운전불이행,포장 - 건조,맑음,단일로 - 기타,승용,여,52세,상해없음,보행자,여,69세,중상
2474,2018100100100596,2018년 10월 1일 22시,월요일,부산광역시 강서구 대저1동,경상사고,0,0,1,0,차대사람 - 기타,안전운전불이행,포장 - 건조,맑음,단일로 - 기타,화물,남,58세,상해없음,보행자,여,49세,경상
2475,2018100100100612,2018년 10월 1일 23시,월요일,부산광역시 동래구 명륜동,중상사고,0,1,0,0,차대사람 - 기타,안전운전불이행,포장 - 건조,맑음,단일로 - 기타,승합,남,64세,상해없음,보행자,여,50세,중상
2476,2018100200100057,2018년 10월 2일 06시,화요일,부산광역시 영도구 청학동,경상사고,0,0,1,0,차대사람 - 횡단중,안전운전불이행,포장 - 건조,맑음,교차로 - 교차로안,승용,남,66세,상해없음,보행자,여,87세,경상
2477,2018100200100099,2018년 10월 2일 08시,화요일,부산광역시 부산진구 당감동,경상사고,0,0,1,0,차대사람 - 기타,안전운전불이행,포장 - 건조,맑음,교차로 - 교차로안,승합,남,60세,상해없음,보행자,남,59세,경상
2478,2018100200100143,2018년 10월 2일 09시,화요일,부산광역시 남구 용호동,중상사고,0,1,0,0,차대사람 - 횡단중,안전운전불이행,포장 - 건조,맑음,교차로 - 교차로안,화물,남,67세,상해없음,보행자,여,59세,중상
2479,2018100200100221,2018년 10월 2일 11시,화요일,부산광역시 남구 감만동,경상사고,0,0,1,0,차대사람 - 횡단중,보행자보호의무위반,포장 - 건조,맑음,단일로 - 기타,화물,남,51세,상해없음,보행자,여,81세,경상
2480,2018100200100222,2018년 10월 2일 11시,화요일,부산광역시 부산진구 부암동,중상사고,0,1,0,0,차대사람 - 횡단중,보행자보호의무위반,포장 - 건조,맑음,교차로 - 교차로부근,승용,여,39세,상해없음,보행자,여,53세,중상
2481,2018100200100396,2018년 10월 2일 16시,화요일,부산광역시 해운대구 반송동,중상사고,0,1,0,0,차대사람 - 횡단중,안전운전불이행,포장 - 건조,맑음,교차로 - 교차로횡단보도내,승용,여,52세,상해없음,보행자,여,76세,중상
2482,2018100200100579,2018년 10월 2일 20시,화요일,부산광역시 부산진구 양정동,중상사고,0,1,0,0,차대사람 - 기타,안전운전불이행,포장 - 건조,맑음,단일로 - 기타,승용,남,70세,상해없음,보행자,남,22세,중상
2483,2018100200100580,2018년 10월 2일 20시,화요일,부산광역시 연제구 연산동,경상사고,0,0,1,1,차대사람 - 보도통행중,안전운전불이행,포장 - 건조,맑음,단일로 - 기타,이륜,남,20세,상해없음,보행자,남,43세,경상
2484,2018100200100671,2018년 10월 2일 23시,화요일,부산광역시 수영구 광안동,경상사고,0,0,1,0,차대사람 - 보도통행중,기타,포장 - 건조,맑음,기타 - 기타,승용,남,24세,상해없음,보행자,남,64세,경상
2485,2018100200100672,2018년 10월 2일 23시,화요일,부산광역시 해운대구 재송동,중상사고,0,1,0,0,차대사람 - 횡단중,안전운전불이행,포장 - 건조,맑음,교차로 - 교차로안,화물,남,35세,상해없음,보행자,남,29세,중상
2486,2018100300100023,2018년 10월 3일 01시,수요일,부산광역시 부산진구 부전동,경상사고,0,0,1,0,차대사람 - 기타,안전운전불이행,포장 - 건조,맑음,단일로 - 기타,승용,남,20세,상해없음,보행자,남,27세,경상
2487,2018100300100024,2018년 10월 3일 01시,수요일,부산광역시 부산진구 가야동,중상사고,0,1,1,0,차대사람 - 길가장자리구역통행중,안전운전불이행,포장 - 건조,맑음,단일로 - 기타,승용,여,59세,상해없음,보행자,남,31세,중상
2488,2018100300100130,2018년 10월 3일 08시,수요일,부산광역시 사상구 엄궁동,중상사고,0,1,0,0,차대사람 - 횡단중,보행자보호의무위반,포장 - 건조,맑음,교차로 - 교차로횡단보도내,승용,남,52세,상해없음,보행자,여,53세,중상
2489,2018100300100200,2018년 10월 3일 11시,수요일,부산광역시 동래구 온천동,중상사고,0,1,0,0,차대사람 - 기타,안전운전불이행,포장 - 건조,맑음,교차로 - 교차로안,화물,남,47세,상해없음,보행자,남,38세,중상
2490,2018100300100220,2018년 10월 3일 12시,수요일,부산광역시 해운대구 중동,경상사고,0,0,1,0,차대사람 - 길가장자리구역통행중,보행자보호의무위반,포장 - 건조,맑음,단일로 - 기타,승용,여,66세,상해없음,보행자,남,12세,경상
2491,2018100300100221,2018년 10월 3일 12시,수요일,부산광역시 부산진구 전포동,중상사고,0,2,0,0,차대사람 - 기타,안전운전불이행,포장 - 건조,맑음,교차로 - 교차로안,승용,남,52세,상해없음,보행자,여,71세,중상
2492,2018100300100295,2018년 10월 3일 14시,수요일,부산광역시 연제구 거제동,중상사고,0,1,0,0,차대사람 - 횡단중,보행자보호의무위반,포장 - 건조,맑음,단일로 - 기타,승용,남,71세,상해없음,보행자,남,77세,중상
2493,2018100300100327,2018년 10월 3일 15시,수요일,부산광역시 남구 대연동,중상사고,0,1,0,0,차대사람 - 기타,안전운전불이행,포장 - 건조,맑음,단일로 - 기타,승용,남,41세,상해없음,보행자,남,81세,중상
2494,2018100300100328,2018년 10월 3일 15시,수요일,부산광역시 해운대구 반여동,경상사고,0,0,1,0,차대사람 - 기타,안전운전불이행,포장 - 건조,맑음,단일로 - 기타,자전거,남,68세,상해없음,보행자,여,25세,경상
2495,2018100300100446,2018년 10월 3일 18시,수요일,부산광역시 사상구 엄궁동,경상사고,0,0,1,0,차대사람 - 횡단중,보행자보호의무위반,포장 - 건조,맑음,단일로 - 기타,이륜,남,19세,상해없음,보행자,여,78세,경상
2496,2018100300100549,2018년 10월 3일 22시,수요일,부산광역시 영도구 동삼동,중상사고,0,1,0,0,차대사람 - 횡단중,안전운전불이행,포장 - 건조,맑음,단일로 - 기타,이륜,남,55세,상해없음,보행자,여,78세,중상
2497,2018100400100038,2018년 10월 4일 04시,목요일,부산광역시 동래구 온천동,경상사고,0,0,1,0,차대사람 - 기타,안전운전불이행,포장 - 건조,맑음,교차로 - 교차로부근,승용,남,63세,상해없음,보행자,남,36세,경상
2498,2018100400100074,2018년 10월 4일 07시,목요일,부산광역시 사하구 괴정동,경상사고,0,0,1,0,차대사람 - 횡단중,보행자보호의무위반,포장 - 건조,맑음,단일로 - 기타,승용,여,34세,상해없음,보행자,여,16세,경상
2499,2018100400100245,2018년 10월 4일 11시,목요일,부산광역시 수영구 수영동,중상사고,0,1,0,0,차대사람 - 길가장자리구역통행중,안전운전불이행,포장 - 건조,맑음,교차로 - 교차로부근,승용,여,35세,상해없음,보행자,여,75세,중상
2500,2018100400100273,2018년 10월 4일 12시,목요일,부산광역시 서구 아미동2가,사망사고,1,0,0,0,차대사람 - 기타,안전운전불이행,포장 - 건조,맑음,기타 - 기타,화물,남,50세,상해없음,보행자,여,89세,사망
2501,2018100400100274,2018년 10월 4일 12시,목요일,부산광역시 동래구 온천동,중상사고,0,1,0,0,차대사람 - 횡단중,보행자보호의무위반,포장 - 건조,맑음,단일로 - 기타,승용,여,52세,상해없음,보행자,여,80세,중상
2502,2018100400100307,2018년 10월 4일 13시,목요일,부산광역시 중구 남포동3가,중상사고,0,1,0,0,차대사람 - 기타,안전운전불이행,포장 - 건조,맑음,단일로 - 기타,승용,남,56세,상해없음,보행자,여,59세,중상
2503,2018100400100346,2018년 10월 4일 14시,목요일,부산광역시 남구 용호동,경상사고,0,0,1,0,차대사람 - 횡단중,안전운전불이행,포장 - 건조,맑음,교차로 - 교차로부근,승용,여,30세,상해없음,보행자,여,47세,경상
2504,2018100400100348,2018년 10월 4일 14시,목요일,부산광역시 금정구 장전동,경상사고,0,0,1,0,차대사람 - 길가장자리구역통행중,안전운전불이행,포장 - 건조,맑음,단일로 - 기타,이륜,남,23세,상해없음,보행자,남,47세,경상
2505,2018100400100499,2018년 10월 4일 18시,목요일,부산광역시 강서구 명지동,경상사고,0,0,1,0,차대사람 - 기타,안전운전불이행,포장 - 젖음/습기,흐림,교차로 - 교차로부근,승용,남,53세,상해없음,보행자,남,7세,경상
2506,2018100400100557,2018년 10월 4일 19시,목요일,부산광역시 해운대구 반송동,경상사고,0,0,2,0,차대사람 - 기타,안전운전불이행,포장 - 건조,맑음,단일로 - 기타,승합,남,39세,상해없음,보행자,남,63세,경상
2507,2018100400100559,2018년 10월 4일 19시,목요일,부산광역시 기장군 정관읍,중상사고,0,1,0,0,차대사람 - 횡단중,기타,포장 - 건조,맑음,기타 - 기타,승용,여,39세,상해없음,보행자,여,62세,중상
2508,2018100400100605,2018년 10월 4일 20시,목요일,부산광역시 사상구 엄궁동,중상사고,0,1,0,0,차대사람 - 횡단중,보행자보호의무위반,포장 - 젖음/습기,흐림,단일로 - 기타,승용,여,56세,상해없음,보행자,여,61세,중상
2509,2018100400100642,2018년 10월 4일 21시,목요일,부산광역시 해운대구 우동,부상신고사고,0,0,0,1,차대사람 - 기타,안전운전불이행,포장 - 건조,맑음,교차로 - 교차로안,기타불명,기타불명,미분류,기타불명,보행자,여,71세,부상신고
2510,2018100400100675,2018년 10월 4일 22시,목요일,부산광역시 영도구 청학동,중상사고,0,1,0,0,차대사람 - 횡단중,신호위반,포장 - 젖음/습기,흐림,단일로 - 기타,이륜,남,51세,상해없음,보행자,여,59세,중상
2511,2018100400100676,2018년 10월 4일 22시,목요일,부산광역시 부산진구 부전동,경상사고,0,0,1,0,차대사람 - 길가장자리구역통행중,안전운전불이행,포장 - 젖음/습기,흐림,교차로 - 교차로부근,승용,남,24세,상해없음,보행자,여,21세,경상
2512,2018100500100009,2018년 10월 5일 00시,금요일,부산광역시 동래구 낙민동,부상신고사고,0,0,0,1,차대사람 - 기타,보행자보호의무위반,포장 - 젖음/습기,비,교차로 - 교차로횡단보도내,승용,남,71세,상해없음,보행자,남,56세,부상신고
2513,2018100500100060,2018년 10월 5일 05시,금요일,부산광역시 사상구 감전동,중상사고,0,1,0,0,차대사람 - 기타,안전운전불이행,포장 - 젖음/습기,비,단일로 - 기타,화물,남,28세,상해없음,보행자,여,75세,중상
2514,2018100500100210,2018년 10월 5일 10시,금요일,부산광역시 동래구 복천동,경상사고,0,0,1,0,차대사람 - 횡단중,안전운전불이행,포장 - 건조,맑음,단일로 - 기타,승용,여,59세,상해없음,보행자,여,17세,경상
2515,2018100500100273,2018년 10월 5일 12시,금요일,부산광역시 해운대구 반송동,중상사고,0,1,0,0,차대사람 - 횡단중,안전운전불이행,포장 - 젖음/습기,비,교차로 - 교차로횡단보도내,승용,남,55세,상해없음,보행자,여,79세,중상
2516,2018100500100486,2018년 10월 5일 17시,금요일,부산광역시 사하구 감천동,중상사고,0,1,0,0,차대사람 - 횡단중,신호위반,포장 - 건조,맑음,단일로 - 기타,승용,남,51세,상해없음,보행자,남,76세,중상
2517,2018100500100549,2018년 10월 5일 18시,금요일,부산광역시 동래구 명장동,중상사고,0,1,0,0,차대사람 - 횡단중,신호위반,포장 - 젖음/습기,비,교차로 - 교차로횡단보도내,승용,남,43세,상해없음,보행자,여,61세,중상
2518,2018100500100639,2018년 10월 5일 19시,금요일,부산광역시 동래구 온천동,중상사고,0,1,0,0,차대사람 - 횡단중,보행자보호의무위반,포장 - 젖음/습기,비,교차로 - 교차로횡단보도내,승용,남,63세,상해없음,보행자,남,56세,중상
2519,2018100500100844,2018년 10월 5일 23시,금요일,부산광역시 동구 범일동,중상사고,0,1,1,0,차대사람 - 기타,안전운전불이행,포장 - 젖음/습기,비,단일로 - 기타,승용,남,55세,상해없음,보행자,남,58세,중상
2520,2018100600100007,2018년 10월 6일 00시,토요일,부산광역시 서구 토성동4가,중상사고,0,1,0,0,차대사람 - 횡단중,안전운전불이행,포장 - 젖음/습기,비,단일로 - 기타,승용,남,61세,상해없음,보행자,남,48세,중상
2521,2018100600100008,2018년 10월 6일 00시,토요일,부산광역시 사상구 모라동,중상사고,0,1,0,0,차대사람 - 횡단중,안전운전불이행,포장 - 젖음/습기,비,단일로 - 기타,화물,남,55세,상해없음,보행자,남,52세,중상
2522,2018100600100039,2018년 10월 6일 01시,토요일,부산광역시 동래구 수안동,중상사고,0,1,0,0,차대사람 - 횡단중,안전운전불이행,포장 - 젖음/습기,비,단일로 - 기타,승용,남,59세,상해없음,보행자,여,40세,중상
2523,2018100600100082,2018년 10월 6일 02시,토요일,부산광역시 동래구 사직동,사망사고,1,0,0,0,차대사람 - 차도통행중,안전운전불이행,포장 - 젖음/습기,비,단일로 - 기타,승용,남,71세,상해없음,보행자,남,41세,사망
2524,2018100600100083,2018년 10월 6일 02시,토요일,부산광역시 부산진구 전포동,사망사고,1,0,0,0,차대사람 - 횡단중,안전운전불이행,포장 - 젖음/습기,비,단일로 - 기타,승용,여,45세,상해없음,보행자,남,55세,사망
2525,2018100600100177,2018년 10월 6일 06시,토요일,부산광역시 동구 초량동,중상사고,0,2,0,0,차대사람 - 차도통행중,안전운전불이행,포장 - 젖음/습기,비,단일로 - 기타,화물,남,45세,상해없음,보행자,남,38세,중상
2526,2018100600100285,2018년 10월 6일 11시,토요일,부산광역시 해운대구 재송동,경상사고,0,0,1,0,차대사람 - 횡단중,안전운전불이행,포장 - 젖음/습기,비,교차로 - 교차로안,승용,여,44세,상해없음,보행자,여,14세,경상
2527,2018100600100318,2018년 10월 6일 12시,토요일,부산광역시 강서구 대저1동,경상사고,0,0,1,0,차대사람 - 횡단중,안전운전불이행,포장 - 건조,맑음,교차로 - 교차로안,화물,남,65세,상해없음,보행자,남,62세,경상
2528,2018100600100376,2018년 10월 6일 14시,토요일,부산광역시 강서구 대저1동,중상사고,0,1,0,0,차대사람 - 기타,안전운전불이행,포장 - 건조,맑음,단일로 - 기타,화물,남,46세,상해없음,보행자,여,72세,중상
2529,2018100600100440,2018년 10월 6일 16시,토요일,부산광역시 중구 부평동3가,사망사고,1,0,0,0,차대사람 - 횡단중,안전운전불이행,포장 - 건조,맑음,단일로 - 기타,이륜,남,35세,상해없음,보행자,여,75세,사망
2530,2018100600100500,2018년 10월 6일 18시,토요일,부산광역시 부산진구 당감동,경상사고,0,0,1,0,차대사람 - 횡단중,안전운전불이행,포장 - 건조,맑음,교차로 - 교차로부근,승용,남,48세,상해없음,보행자,남,40세,경상
2531,2018100600100536,2018년 10월 6일 19시,토요일,부산광역시 연제구 연산동,경상사고,0,0,1,0,차대사람 - 차도통행중,안전운전불이행,포장 - 건조,맑음,교차로 - 교차로안,화물,남,70세,상해없음,보행자,여,78세,경상
2532,2018100600100603,2018년 10월 6일 21시,토요일,부산광역시 사상구 괘법동,경상사고,0,0,1,0,차대사람 - 기타,안전운전불이행,포장 - 건조,맑음,단일로 - 기타,승용,남,47세,상해없음,보행자,남,21세,경상
2533,2018100600100646,2018년 10월 6일 23시,토요일,부산광역시 동구 초량동,경상사고,0,0,1,0,차대사람 - 기타,안전운전불이행,포장 - 건조,맑음,교차로 - 교차로부근,화물,남,44세,상해없음,보행자,여,40세,경상
2534,2018100700100040,2018년 10월 7일 02시,일요일,부산광역시 동구 범일동,중상사고,0,1,0,0,차대사람 - 횡단중,안전운전불이행,포장 - 건조,맑음,교차로 - 교차로횡단보도내,승용,남,48세,상해없음,보행자,남,51세,중상
2535,2018100700100074,2018년 10월 7일 05시,일요일,부산광역시 해운대구 반송동,중상사고,0,1,0,0,차대사람 - 횡단중,신호위반,포장 - 건조,맑음,단일로 - 터널,승용,남,29세,상해없음,보행자,남,66세,중상
2536,2018100700100093,2018년 10월 7일 06시,일요일,부산광역시 강서구 대저2동,경상사고,0,0,1,0,차대사람 - 기타,안전운전불이행,포장 - 건조,맑음,기타 - 기타,승용,남,60세,상해없음,보행자,남,57세,경상
2537,2018100700100139,2018년 10월 7일 09시,일요일,부산광역시 중구 부평동2가,중상사고,0,1,0,0,차대사람 - 길가장자리구역통행중,안전운전불이행,포장 - 건조,맑음,단일로 - 기타,승합,남,47세,상해없음,보행자,여,83세,중상
2538,2018100700100140,2018년 10월 7일 09시,일요일,부산광역시 사하구 괴정동,경상사고,0,0,1,1,차대사람 - 횡단중,안전운전불이행,포장 - 건조,맑음,교차로 - 교차로횡단보도내,승용,남,45세,부상신고,보행자,남,88세,경상
2539,2018100700100240,2018년 10월 7일 13시,일요일,부산광역시 해운대구 재송동,경상사고,0,0,1,0,차대사람 - 기타,안전거리미확보,포장 - 건조,맑음,단일로 - 기타,개인형이동수단(PM),남,32세,상해없음,보행자,여,36세,경상
2540,2018100700100338,2018년 10월 7일 16시,일요일,부산광역시 북구 만덕동,경상사고,0,0,1,0,차대사람 - 횡단중,안전운전불이행,포장 - 건조,맑음,교차로 - 교차로안,승용,남,43세,상해없음,보행자,남,10세,경상
2541,2018100700100497,2018년 10월 7일 20시,일요일,부산광역시 동구 수정동,경상사고,0,0,1,0,차대사람 - 기타,보행자보호의무위반,포장 - 건조,맑음,교차로 - 교차로부근,승용,남,52세,상해없음,보행자,여,90세 이상,경상
2542,2018100700100526,2018년 10월 7일 21시,일요일,부산광역시 중구 부평동1가,경상사고,0,0,1,0,차대사람 - 횡단중,보행자보호의무위반,포장 - 건조,맑음,단일로 - 기타,화물,남,59세,상해없음,보행자,남,24세,경상
2543,2018100800100003,2018년 10월 8일 00시,월요일,부산광역시 남구 우암동,중상사고,0,1,0,0,차대사람 - 횡단중,안전운전불이행,포장 - 건조,맑음,교차로 - 교차로부근,승용,남,57세,상해없음,보행자,남,36세,중상
2544,2018100800100024,2018년 10월 8일 03시,월요일,부산광역시 북구 덕천동,경상사고,0,0,1,0,차대사람 - 기타,안전운전불이행,포장 - 건조,맑음,단일로 - 기타,승용,여,35세,상해없음,보행자,남,19세,경상
2545,2018100800100310,2018년 10월 8일 14시,월요일,부산광역시 연제구 연산동,경상사고,0,0,1,0,차대사람 - 길가장자리구역통행중,안전운전불이행,포장 - 건조,맑음,단일로 - 기타,화물,남,52세,상해없음,보행자,여,55세,경상
2546,2018100800100352,2018년 10월 8일 15시,월요일,부산광역시 중구 보수동2가,중상사고,0,1,0,0,차대사람 - 차도통행중,안전운전불이행,포장 - 건조,맑음,단일로 - 기타,승용,여,54세,상해없음,보행자,여,82세,중상
2547,2018100800100392,2018년 10월 8일 16시,월요일,부산광역시 부산진구 부전동,중상사고,0,1,0,0,차대사람 - 차도통행중,안전운전불이행,포장 - 건조,맑음,교차로 - 교차로안,승용,남,30세,상해없음,보행자,여,16세,중상
2548,2018100800100435,2018년 10월 8일 17시,월요일,부산광역시 북구 덕천동,중상사고,0,1,0,0,차대사람 - 기타,안전운전불이행,포장 - 건조,맑음,교차로 - 교차로안,화물,남,47세,상해없음,보행자,여,61세,중상
2549,2018100800100484,2018년 10월 8일 18시,월요일,부산광역시 해운대구 우동,사망사고,1,0,0,0,차대사람 - 횡단중,안전운전불이행,포장 - 건조,맑음,단일로 - 기타,승용,남,55세,상해없음,보행자,남,82세,사망
2550,2018100800100623,2018년 10월 8일 22시,월요일,부산광역시 동구 초량동,경상사고,0,0,1,0,차대사람 - 차도통행중,안전운전불이행,포장 - 건조,맑음,단일로 - 기타,승용,남,39세,상해없음,보행자,남,44세,경상
2551,2018100900100008,2018년 10월 9일 00시,화요일,부산광역시 사하구 하단동,경상사고,0,0,1,0,차대사람 - 기타,안전운전불이행,포장 - 건조,맑음,교차로 - 교차로안,승용,남,31세,상해없음,보행자,여,17세,경상
2552,2018100900100022,2018년 10월 9일 01시,화요일,부산광역시 동래구 온천동,중상사고,0,1,0,0,차대사람 - 횡단중,안전운전불이행,포장 - 건조,맑음,교차로 - 교차로안,승용,남,58세,상해없음,보행자,남,52세,중상
2553,2018100900100095,2018년 10월 9일 06시,화요일,부산광역시 영도구 신선동2가,경상사고,0,0,1,0,차대사람 - 길가장자리구역통행중,안전운전불이행,포장 - 건조,맑음,단일로 - 기타,승용,남,68세,상해없음,보행자,여,68세,경상
2554,2018100900100330,2018년 10월 9일 17시,화요일,부산광역시 수영구 광안동,경상사고,0,0,1,0,차대사람 - 차도통행중,안전운전불이행,포장 - 건조,맑음,단일로 - 기타,화물,남,24세,상해없음,보행자,남,46세,경상
2555,2018100900100359,2018년 10월 9일 18시,화요일,부산광역시 서구 동대신동1가,중상사고,0,1,0,0,차대사람 - 횡단중,보행자보호의무위반,포장 - 건조,흐림,교차로 - 교차로부근,승용,남,67세,상해없음,보행자,여,35세,중상
2556,2018100900100360,2018년 10월 9일 18시,화요일,부산광역시 서구 서대신동2가,경상사고,0,0,1,0,차대사람 - 길가장자리구역통행중,안전운전불이행,포장 - 건조,맑음,단일로 - 기타,승용,여,47세,상해없음,보행자,남,76세,경상
2557,2018100900100444,2018년 10월 9일 20시,화요일,부산광역시 중구 대청동4가,중상사고,0,2,0,0,차대사람 - 기타,안전운전불이행,포장 - 건조,맑음,단일로 - 기타,승용,남,25세,상해없음,보행자,여,55세,중상
2558,2018101000100058,2018년 10월 10일 07시,수요일,부산광역시 동구 좌천동,경상사고,0,0,1,0,차대사람 - 횡단중,보행자보호의무위반,포장 - 건조,맑음,단일로 - 기타,화물,남,49세,상해없음,보행자,여,69세,경상
2559,2018101000100075,2018년 10월 10일 08시,수요일,부산광역시 영도구 봉래동4가,중상사고,0,1,0,0,차대사람 - 횡단중,안전운전불이행,포장 - 건조,맑음,단일로 - 기타,이륜,남,35세,상해없음,보행자,남,67세,중상
2560,2018101000100229,2018년 10월 10일 13시,수요일,부산광역시 동래구 온천동,경상사고,0,0,1,0,차대사람 - 횡단중,보행자보호의무위반,포장 - 건조,맑음,단일로 - 기타,승용,여,61세,상해없음,보행자,남,78세,경상
2561,2018101000100230,2018년 10월 10일 13시,수요일,부산광역시 연제구 연산동,중상사고,0,1,0,0,차대사람 - 차도통행중,안전운전불이행,포장 - 건조,맑음,교차로 - 교차로안,화물,남,37세,상해없음,보행자,남,75세,중상
2562,2018101000100328,2018년 10월 10일 16시,수요일,부산광역시 남구 대연동,경상사고,0,0,1,0,차대사람 - 횡단중,안전운전불이행,포장 - 건조,맑음,단일로 - 기타,승합,남,52세,상해없음,보행자,남,54세,경상
2563,2018101000100329,2018년 10월 10일 16시,수요일,부산광역시 동래구 온천동,중상사고,0,1,0,0,차대사람 - 길가장자리구역통행중,안전운전불이행,포장 - 건조,맑음,단일로 - 기타,승용,남,56세,상해없음,보행자,여,76세,중상
2564,2018101000100402,2018년 10월 10일 18시,수요일,부산광역시 영도구 동삼동,부상신고사고,0,0,0,1,차대사람 - 기타,안전운전불이행,포장 - 건조,맑음,단일로 - 기타,승합,남,53세,상해없음,보행자,남,58세,부상신고
2565,2018101000100403,2018년 10월 10일 18시,수요일,부산광역시 금정구 구서동,중상사고,0,1,0,0,차대사람 - 횡단중,보행자보호의무위반,포장 - 건조,맑음,단일로 - 기타,승합,남,55세,상해없음,보행자,여,23세,중상
2566,2018101000100517,2018년 10월 10일 21시,수요일,부산광역시 사하구 신평동,중상사고,0,1,0,0,차대사람 - 기타,안전운전불이행,포장 - 건조,맑음,교차로 - 교차로부근,화물,남,42세,상해없음,보행자,여,71세,중상
2567,2018101000100518,2018년 10월 10일 21시,수요일,부산광역시 사상구 괘법동,경상사고,0,0,1,0,차대사람 - 횡단중,보행자보호의무위반,포장 - 건조,맑음,교차로 - 교차로횡단보도내,승용,남,53세,상해없음,보행자,여,66세,경상
2568,2018101000100557,2018년 10월 10일 23시,수요일,부산광역시 북구 만덕동,경상사고,0,0,1,0,차대사람 - 횡단중,보행자보호의무위반,포장 - 건조,맑음,교차로 - 교차로횡단보도내,승용,남,74세,상해없음,보행자,여,25세,경상
2569,2018101000100558,2018년 10월 10일 23시,수요일,부산광역시 동래구 사직동,경상사고,0,0,1,0,차대사람 - 차도통행중,안전운전불이행,포장 - 건조,맑음,단일로 - 기타,승용,남,49세,상해없음,보행자,여,64세,경상
2570,2018101100100003,2018년 10월 11일 00시,목요일,부산광역시 부산진구 부암동,경상사고,0,0,1,0,차대사람 - 기타,안전운전불이행,포장 - 건조,맑음,단일로 - 기타,승용,남,66세,상해없음,보행자,남,59세,경상
2571,2018101100100004,2018년 10월 11일 00시,목요일,부산광역시 부산진구 가야동,사망사고,1,0,0,0,차대사람 - 기타,안전운전불이행,포장 - 건조,맑음,단일로 - 기타,승용,남,68세,상해없음,보행자,여,87세,사망
2572,2018101100100017,2018년 10월 11일 01시,목요일,부산광역시 강서구 명지동,경상사고,0,0,1,0,차대사람 - 횡단중,신호위반,포장 - 건조,맑음,교차로 - 교차로부근,승용,남,35세,상해없음,보행자,남,50세,경상
2573,2018101100100018,2018년 10월 11일 01시,목요일,부산광역시 사상구 삼락동,중상사고,0,1,0,0,차대사람 - 기타,기타,포장 - 건조,맑음,교차로 - 교차로안,승용,남,58세,상해없음,보행자,남,37세,중상
2574,2018101100100048,2018년 10월 11일 06시,목요일,부산광역시 동래구 안락동,경상사고,0,0,1,0,차대사람 - 기타,안전운전불이행,포장 - 건조,맑음,교차로 - 교차로안,승용,여,68세,상해없음,보행자,남,49세,경상
2575,2018101100100194,2018년 10월 11일 11시,목요일,부산광역시 해운대구 우동,경상사고,0,0,1,0,차대사람 - 보도통행중,보행자보호의무위반,포장 - 건조,맑음,단일로 - 기타,승용,남,31세,상해없음,보행자,여,77세,경상
2576,2018101100100261,2018년 10월 11일 13시,목요일,부산광역시 부산진구 전포동,경상사고,0,0,1,0,차대사람 - 기타,안전운전불이행,포장 - 건조,맑음,교차로 - 교차로안,화물,남,34세,상해없음,보행자,남,59세,경상
2577,2018101100100286,2018년 10월 11일 14시,목요일,부산광역시 동구 수정동,중상사고,0,1,0,0,차대사람 - 기타,안전운전불이행,포장 - 건조,맑음,단일로 - 기타,승용,여,42세,상해없음,보행자,남,85세,중상
2578,2018101100100313,2018년 10월 11일 15시,목요일,부산광역시 중구 남포동5가,중상사고,0,1,0,0,차대사람 - 기타,안전운전불이행,포장 - 건조,맑음,단일로 - 기타,화물,남,26세,상해없음,보행자,여,78세,중상
2579,2018101100100314,2018년 10월 11일 15시,목요일,부산광역시 사하구 장림동,중상사고,0,1,0,0,차대사람 - 기타,안전운전불이행,포장 - 건조,맑음,단일로 - 기타,승용,여,55세,상해없음,보행자,여,72세,중상
2580,2018101100100353,2018년 10월 11일 16시,목요일,부산광역시 금정구 장전동,경상사고,0,0,1,0,차대사람 - 기타,안전운전불이행,포장 - 건조,맑음,교차로 - 교차로안,승용,남,29세,상해없음,보행자,여,19세,경상
2581,2018101100100395,2018년 10월 11일 17시,목요일,부산광역시 부산진구 당감동,경상사고,0,0,1,0,차대사람 - 횡단중,안전운전불이행,포장 - 건조,맑음,교차로 - 교차로횡단보도내,승용,남,53세,상해없음,보행자,남,75세,경상
2582,2018101100100443,2018년 10월 11일 18시,목요일,부산광역시 남구 용호동,중상사고,0,1,0,0,차대사람 - 기타,안전운전불이행,포장 - 건조,맑음,교차로 - 교차로안,승용,남,70세,상해없음,보행자,남,69세,중상