,사고번호,사고일시,요일,시군구,사고내용,사망자수,중상자수,경상자수,부상신고자수,사고유형,법규위반,노면상태,기상상태,도로형태,가해운전자 차종,가해운전자 성별,가해운전자 연령,가해운전자 상해정도,피해운전자 차종,피해운전자 성별,피해운전자 연령,피해운전자 상해정도
2917,2018111300100577,2018년 11월 13일 21시,화요일,부산광역시 북구 만덕동,경상사고,0,0,1,0,차대사람 - 횡단중,안전운전불이행,포장 - 건조,맑음,단일로 - 기타,승용,남,59세,상해없음,보행자,여,33세,경상
2918,2018111400100049,2018년 11월 14일 06시,수요일,부산광역시 금정구 남산동,중상사고,0,1,0,0,차대사람 - 횡단중,보행자보호의무위반,포장 - 건조,맑음,교차로 - 교차로안,승용,여,59세,상해없음,보행자,여,61세,중상
2919,2018111400100063,2018년 11월 14일 07시,수요일,부산광역시 사상구 주례동,중상사고,0,1,0,0,차대사람 - 횡단중,안전운전불이행,포장 - 건조,맑음,교차로 - 교차로안,승용,남,46세,상해없음,보행자,여,60세,중상
2920,2018111400100089,2018년 11월 14일 08시,수요일,부산광역시 금정구 부곡동,경상사고,0,0,1,0,차대사람 - 횡단중,안전운전불이행,포장 - 건조,맑음,교차로 - 교차로부근,화물,남,65세,상해없음,보행자,여,55세,경상
2921,2018111400100181,2018년 11월 14일 10시,수요일,부산광역시 해운대구 우동,경상사고,0,0,1,0,차대사람 - 길가장자리구역통행중,안전운전불이행,포장 - 건조,맑음,단일로 - 기타,승용,남,79세,상해없음,보행자,여,19세,경상
2922,2018111400100293,2018년 11월 14일 13시,수요일,부산광역시 사하구 신평동,경상사고,0,0,1,0,차대사람 - 차도통행중,안전운전불이행,포장 - 건조,맑음,교차로 - 교차로안,승용,남,61세,상해없음,보행자,여,77세,경상
2923,2018111400100321,2018년 11월 14일 14시,수요일,부산광역시 사상구 모라동,중상사고,0,1,0,0,차대사람 - 보도통행중,기타,포장 - 건조,맑음,단일로 - 지하차도(도로)내,화물,남,32세,상해없음,보행자,여,76세,중상
2924,2018111400100429,2018년 11월 14일 17시,수요일,부산광역시 남구 대연동,중상사고,0,1,0,0,차대사람 - 차도통행중,안전운전불이행,포장 - 건조,맑음,단일로 - 기타,승합,남,61세,상해없음,보행자,여,61세,중상
2925,2018111500100025,2018년 11월 15일 02시,목요일,부산광역시 동래구 안락동,중상사고,0,1,0,0,차대사람 - 횡단중,안전운전불이행,포장 - 건조,맑음,교차로 - 교차로안,승용,남,57세,상해없음,보행자,남,35세,중상
2926,2018111500100057,2018년 11월 15일 06시,목요일,부산광역시 북구 만덕동,중상사고,0,1,0,0,차대사람 - 횡단중,안전운전불이행,포장 - 건조,맑음,단일로 - 기타,승용,남,56세,상해없음,보행자,여,64세,중상
2927,2018111500100080,2018년 11월 15일 07시,목요일,부산광역시 영도구 청학동,중상사고,0,1,0,0,차대사람 - 횡단중,신호위반,포장 - 건조,맑음,교차로 - 교차로안,화물,남,59세,상해없음,보행자,남,66세,중상
2928,2018111500100205,2018년 11월 15일 11시,목요일,부산광역시 사하구 하단동,경상사고,0,0,1,0,차대사람 - 기타,안전운전불이행,포장 - 건조,맑음,단일로 - 기타,승용,남,60세,상해없음,보행자,남,21세,경상
2929,2018111500100329,2018년 11월 15일 15시,목요일,부산광역시 동래구 명륜동,경상사고,0,0,1,0,차대사람 - 보도통행중,안전운전불이행,포장 - 건조,맑음,단일로 - 기타,승용,남,39세,상해없음,보행자,여,61세,경상
2930,2018111500100358,2018년 11월 15일 16시,목요일,부산광역시 사하구 감천동,경상사고,0,0,1,0,차대사람 - 기타,안전운전불이행,포장 - 건조,맑음,기타 - 기타,승용,남,22세,상해없음,보행자,여,4세,경상
2931,2018111500100396,2018년 11월 15일 17시,목요일,부산광역시 사상구 학장동,경상사고,0,0,1,0,차대사람 - 횡단중,보행자보호의무위반,포장 - 건조,맑음,교차로 - 교차로안,승용,남,51세,상해없음,보행자,여,58세,경상
2932,2018111500100557,2018년 11월 15일 20시,목요일,부산광역시 연제구 연산동,경상사고,0,0,1,0,차대사람 - 보도통행중,기타,포장 - 건조,맑음,단일로 - 기타,원동기,남,39세,상해없음,보행자,남,40세,경상
2933,2018111600100018,2018년 11월 16일 01시,금요일,부산광역시 부산진구 부전동,경상사고,0,0,1,0,차대사람 - 차도통행중,안전운전불이행,포장 - 건조,맑음,단일로 - 기타,승용,남,66세,상해없음,보행자,남,28세,경상
2934,2018111600100153,2018년 11월 16일 09시,금요일,부산광역시 서구 서대신동2가,중상사고,0,1,0,0,차대사람 - 기타,신호위반,포장 - 건조,맑음,교차로 - 교차로부근,승용,여,48세,상해없음,보행자,남,41세,중상
2935,2018111600100271,2018년 11월 16일 13시,금요일,부산광역시 사상구 감전동,사망사고,1,0,0,0,차대사람 - 기타,보행자보호의무위반,포장 - 건조,맑음,단일로 - 기타,건설기계,남,33세,상해없음,보행자,남,75세,사망
2936,2018111600100393,2018년 11월 16일 17시,금요일,부산광역시 기장군 기장읍,중상사고,0,1,0,0,차대사람 - 횡단중,안전운전불이행,포장 - 건조,맑음,교차로 - 교차로안,승용,여,46세,상해없음,보행자,남,40세,중상
2937,2018111600100517,2018년 11월 16일 19시,금요일,부산광역시 사상구 감전동,경상사고,0,0,1,0,차대사람 - 횡단중,안전운전불이행,포장 - 건조,맑음,교차로 - 교차로안,승용,남,55세,상해없음,보행자,여,76세,경상
2938,2018111600100562,2018년 11월 16일 20시,금요일,부산광역시 북구 화명동,중상사고,0,2,0,0,차대사람 - 기타,안전운전불이행,포장 - 건조,맑음,단일로 - 기타,원동기,남,52세,중상,보행자,남,13세,중상
2939,2018111600100598,2018년 11월 16일 21시,금요일,부산광역시 금정구 구서동,경상사고,0,0,1,0,차대사람 - 차도통행중,안전운전불이행,포장 - 건조,맑음,단일로 - 기타,이륜,남,25세,상해없음,보행자,여,38세,경상
2940,2018111700100081,2018년 11월 17일 05시,토요일,부산광역시 북구 덕천동,경상사고,0,0,1,0,차대사람 - 횡단중,보행자보호의무위반,포장 - 건조,맑음,단일로 - 기타,승합,남,63세,상해없음,보행자,여,74세,경상
2941,2018111700100108,2018년 11월 17일 07시,토요일,부산광역시 금정구 서동,중상사고,0,1,0,0,차대사람 - 길가장자리구역통행중,안전운전불이행,포장 - 건조,맑음,교차로 - 교차로부근,승용,남,55세,상해없음,보행자,여,24세,중상
2942,2018111700100181,2018년 11월 17일 10시,토요일,부산광역시 사하구 괴정동,경상사고,0,0,1,0,차대사람 - 기타,안전운전불이행,포장 - 건조,맑음,단일로 - 기타,승용,남,37세,상해없음,보행자,여,81세,경상
2943,2018111700100224,2018년 11월 17일 11시,토요일,부산광역시 부산진구 양정동,중상사고,0,1,0,0,차대사람 - 횡단중,안전운전불이행,포장 - 건조,맑음,교차로 - 교차로안,화물,남,71세,상해없음,보행자,여,53세,중상
2944,2018111700100261,2018년 11월 17일 12시,토요일,부산광역시 수영구 민락동,중상사고,0,1,0,0,차대사람 - 횡단중,신호위반,포장 - 건조,맑음,교차로 - 교차로안,화물,남,52세,상해없음,보행자,여,71세,중상
2945,2018111700100371,2018년 11월 17일 15시,토요일,부산광역시 금정구 노포동,경상사고,0,0,1,1,차대사람 - 차도통행중,안전운전불이행,포장 - 건조,맑음,단일로 - 기타,승용,여,62세,상해없음,보행자,남,71세,경상
2946,2018111700100491,2018년 11월 17일 18시,토요일,부산광역시 중구 남포동5가,중상사고,0,1,0,0,차대사람 - 차도통행중,안전운전불이행,포장 - 건조,맑음,단일로 - 기타,이륜,남,49세,상해없음,보행자,남,73세,중상
2947,2018111700100492,2018년 11월 17일 18시,토요일,부산광역시 금정구 부곡동,중상사고,0,1,0,0,차대사람 - 기타,보행자보호의무위반,포장 - 건조,맑음,단일로 - 기타,승용,남,32세,상해없음,보행자,여,67세,중상
2948,2018111700100610,2018년 11월 17일 21시,토요일,부산광역시 동래구 명륜동,부상신고사고,0,0,0,1,차대사람 - 차도통행중,안전운전불이행,포장 - 건조,맑음,단일로 - 기타,승용,남,25세,상해없음,보행자,남,20세,부상신고
2949,2018111800100134,2018년 11월 18일 12시,일요일,부산광역시 해운대구 중동,경상사고,0,0,1,0,차대사람 - 길가장자리구역통행중,안전운전불이행,포장 - 건조,맑음,단일로 - 기타,승용,남,50세,상해없음,보행자,남,44세,경상
2950,2018111900100122,2018년 11월 19일 09시,월요일,부산광역시 중구 중앙동4가,중상사고,0,1,0,0,차대사람 - 차도통행중,안전운전불이행,포장 - 건조,맑음,교차로 - 교차로안,승합,남,57세,상해없음,보행자,여,34세,중상
2951,2018111900100206,2018년 11월 19일 12시,월요일,부산광역시 부산진구 당감동,경상사고,0,0,1,0,차대사람 - 기타,안전운전불이행,포장 - 건조,맑음,단일로 - 기타,화물,남,36세,상해없음,보행자,여,69세,경상
2952,2018111900100207,2018년 11월 19일 12시,월요일,부산광역시 금정구 서동,부상신고사고,0,0,0,1,차대사람 - 길가장자리구역통행중,안전운전불이행,포장 - 건조,맑음,단일로 - 기타,화물,남,63세,상해없음,보행자,남,17세,부상신고
2953,2018111900100302,2018년 11월 19일 15시,월요일,부산광역시 남구 대연동,경상사고,0,0,1,0,차대사람 - 기타,안전운전불이행,포장 - 건조,맑음,단일로 - 기타,화물,남,63세,상해없음,보행자,여,62세,경상
2954,2018111900100303,2018년 11월 19일 15시,월요일,부산광역시 북구 덕천동,부상신고사고,0,0,0,1,차대사람 - 기타,안전운전불이행,포장 - 건조,맑음,단일로 - 기타,승용,남,72세,상해없음,보행자,여,54세,부상신고
2955,2018111900100304,2018년 11월 19일 15시,월요일,부산광역시 해운대구 재송동,중상사고,0,1,0,0,차대사람 - 횡단중,안전운전불이행,포장 - 건조,맑음,단일로 - 기타,승용,남,73세,상해없음,보행자,여,81세,중상
2956,2018111900100306,2018년 11월 19일 15시,월요일,부산광역시 사하구 괴정동,경상사고,0,0,1,0,차대사람 - 횡단중,안전운전불이행,포장 - 건조,맑음,교차로 - 교차로안,승용,남,38세,상해없음,보행자,남,65세,경상
2957,2018111900100432,2018년 11월 19일 18시,월요일,부산광역시 동구 범일동,경상사고,0,0,1,0,차대사람 - 기타,보행자보호의무위반,포장 - 건조,맑음,단일로 - 기타,승용,여,59세,상해없음,보행자,여,29세,경상
2958,2018111900100550,2018년 11월 19일 21시,월요일,부산광역시 금정구 노포동,중상사고,0,1,0,0,차대사람 - 횡단중,과속,포장 - 건조,맑음,교차로 - 교차로안,승용,남,55세,상해없음,보행자,여,21세,중상
2959,2018112000100017,2018년 11월 20일 02시,화요일,부산광역시 북구 화명동,중상사고,0,1,1,0,차대사람 - 기타,안전운전불이행,포장 - 건조,맑음,단일로 - 기타,이륜,남,22세,상해없음,보행자,남,30세,경상
2960,2018112000100018,2018년 11월 20일 02시,화요일,부산광역시 금정구 남산동,중상사고,0,1,0,0,차대사람 - 기타,안전운전불이행,포장 - 건조,맑음,단일로 - 기타,승용,남,36세,상해없음,보행자,남,61세,중상
2961,2018112000100134,2018년 11월 20일 09시,화요일,부산광역시 금정구 구서동,경상사고,0,0,1,0,차대사람 - 차도통행중,안전운전불이행,포장 - 건조,맑음,단일로 - 기타,승용,여,47세,상해없음,보행자,여,25세,경상
2962,2018112000100166,2018년 11월 20일 10시,화요일,부산광역시 서구 충무동1가,경상사고,0,0,1,0,차대사람 - 기타,안전운전불이행,포장 - 건조,맑음,기타 - 기타,화물,남,60세,상해없음,보행자,여,53세,경상
2963,2018112000100316,2018년 11월 20일 15시,화요일,부산광역시 서구 토성동4가,경상사고,0,0,1,0,차대사람 - 기타,안전운전불이행,포장 - 건조,맑음,기타 - 기타,승용,남,50세,상해없음,보행자,남,8세,경상
2964,2018112000100317,2018년 11월 20일 15시,화요일,부산광역시 연제구 연산동,경상사고,0,0,1,0,차대사람 - 차도통행중,안전운전불이행,포장 - 건조,맑음,단일로 - 기타,이륜,남,22세,상해없음,보행자,남,45세,경상
2965,2018112000100364,2018년 11월 20일 16시,화요일,부산광역시 금정구 부곡동,경상사고,0,0,1,0,차대사람 - 기타,안전운전불이행,포장 - 건조,맑음,교차로 - 교차로부근,기타불명,기타불명,미분류,기타불명,보행자,여,28세,경상
2966,2018112000100365,2018년 11월 20일 16시,화요일,부산광역시 연제구 연산동,경상사고,0,0,1,0,차대사람 - 길가장자리구역통행중,보행자보호의무위반,포장 - 건조,맑음,단일로 - 기타,승용,남,24세,상해없음,보행자,여,43세,경상
2967,2018112000100470,2018년 11월 20일 18시,화요일,부산광역시 남구 문현동,중상사고,0,1,0,0,차대사람 - 길가장자리구역통행중,안전운전불이행,포장 - 건조,맑음,교차로 - 교차로부근,승용,여,39세,상해없음,보행자,여,87세,중상
2968,2018112000100471,2018년 11월 20일 18시,화요일,부산광역시 동래구 복천동,중상사고,0,1,0,0,차대사람 - 기타,보행자보호의무위반,포장 - 건조,맑음,단일로 - 기타,승용,남,42세,상해없음,보행자,남,71세,중상
2969,2018112000100582,2018년 11월 20일 20시,화요일,부산광역시 연제구 연산동,경상사고,0,0,1,0,차대사람 - 횡단중,보행자보호의무위반,포장 - 건조,맑음,교차로 - 교차로부근,승용,여,45세,상해없음,보행자,여,60세,경상
2970,2018112000100607,2018년 11월 20일 21시,화요일,부산광역시 강서구 명지동,경상사고,0,0,1,0,차대사람 - 기타,신호위반,포장 - 건조,맑음,교차로 - 교차로부근,승용,남,33세,상해없음,보행자,여,28세,경상
2971,2018112000100632,2018년 11월 20일 22시,화요일,부산광역시 부산진구 범천동,경상사고,0,0,1,0,차대사람 - 횡단중,신호위반,포장 - 건조,맑음,교차로 - 교차로횡단보도내,원동기,남,22세,상해없음,보행자,남,21세,경상
2972,2018112000100633,2018년 11월 20일 22시,화요일,부산광역시 금정구 부곡동,중상사고,0,1,0,0,차대사람 - 횡단중,안전운전불이행,포장 - 건조,맑음,교차로 - 교차로부근,승용,여,49세,상해없음,보행자,여,76세,중상
2973,2018112100100022,2018년 11월 21일 01시,수요일,부산광역시 금정구 서동,경상사고,0,0,1,0,차대사람 - 횡단중,안전운전불이행,포장 - 건조,맑음,교차로 - 교차로안,승용,남,54세,상해없음,보행자,남,55세,경상
2974,2018112100100096,2018년 11월 21일 07시,수요일,부산광역시 부산진구 부전동,경상사고,0,0,1,0,차대사람 - 횡단중,안전운전불이행,포장 - 건조,맑음,단일로 - 기타,승용,남,69세,상해없음,보행자,남,23세,경상
2975,2018112100100098,2018년 11월 21일 07시,수요일,부산광역시 금정구 부곡동,중상사고,0,1,0,0,차대사람 - 횡단중,신호위반,포장 - 건조,맑음,단일로 - 기타,승합,남,69세,상해없음,보행자,여,16세,중상
2976,2018112100100122,2018년 11월 21일 08시,수요일,부산광역시 연제구 거제동,중상사고,0,1,0,0,차대사람 - 기타,안전운전불이행,포장 - 건조,맑음,단일로 - 기타,화물,남,36세,상해없음,보행자,여,52세,중상
2977,2018112100100160,2018년 11월 21일 09시,수요일,부산광역시 연제구 연산동,중상사고,0,1,0,0,차대사람 - 기타,안전운전불이행,포장 - 건조,맑음,단일로 - 기타,승용,남,30세,상해없음,보행자,여,72세,중상
2978,2018112100100237,2018년 11월 21일 12시,수요일,부산광역시 해운대구 반여동,경상사고,0,0,1,0,차대사람 - 횡단중,안전운전불이행,포장 - 건조,맑음,단일로 - 기타,승용,남,66세,상해없음,보행자,남,15세,경상
2979,2018112100100387,2018년 11월 21일 17시,수요일,부산광역시 남구 대연동,경상사고,0,0,1,0,차대사람 - 길가장자리구역통행중,안전운전불이행,포장 - 건조,맑음,교차로 - 교차로안,승용,여,32세,상해없음,보행자,남,72세,경상
2980,2018112100100388,2018년 11월 21일 17시,수요일,부산광역시 동래구 온천동,경상사고,0,0,1,0,차대사람 - 길가장자리구역통행중,안전운전불이행,포장 - 건조,맑음,단일로 - 기타,기타불명,기타불명,미분류,기타불명,보행자,여,18세,경상
2981,2018112100100434,2018년 11월 21일 18시,수요일,부산광역시 해운대구 우동,경상사고,0,0,1,0,차대사람 - 기타,안전운전불이행,포장 - 건조,맑음,단일로 - 기타,승용,여,23세,상해없음,보행자,남,34세,경상
2982,2018112200100068,2018년 11월 22일 07시,목요일,부산광역시 해운대구 좌동,경상사고,0,0,2,0,차대사람 - 횡단중,보행자보호의무위반,포장 - 건조,맑음,교차로 - 교차로횡단보도내,승용,남,50세,경상,보행자,남,51세,경상
2983,2018112200100109,2018년 11월 22일 08시,목요일,부산광역시 중구 남포동6가,중상사고,0,1,0,0,차대사람 - 횡단중,안전운전불이행,포장 - 건조,맑음,단일로 - 기타,화물,남,67세,상해없음,보행자,여,72세,중상
2984,2018112200100110,2018년 11월 22일 08시,목요일,부산광역시 부산진구 부전동,경상사고,0,0,1,0,차대사람 - 길가장자리구역통행중,안전운전불이행,포장 - 건조,맑음,단일로 - 기타,화물,남,43세,상해없음,보행자,여,29세,경상
2985,2018112200100112,2018년 11월 22일 08시,목요일,부산광역시 기장군 장안읍,경상사고,0,0,1,0,차대사람 - 기타,안전운전불이행,포장 - 건조,맑음,단일로 - 기타,화물,남,63세,상해없음,보행자,남,72세,경상
2986,2018112200100165,2018년 11월 22일 09시,목요일,부산광역시 부산진구 가야동,경상사고,0,0,1,0,차대사람 - 횡단중,안전운전불이행,포장 - 건조,맑음,교차로 - 교차로안,승용,여,45세,상해없음,보행자,여,47세,경상
2987,2018112200100211,2018년 11월 22일 10시,목요일,부산광역시 수영구 광안동,경상사고,0,0,1,0,차대사람 - 차도통행중,안전운전불이행,포장 - 건조,맑음,교차로 - 교차로부근,승용,여,35세,상해없음,보행자,여,33세,경상
2988,2018112200100244,2018년 11월 22일 11시,목요일,부산광역시 금정구 남산동,중상사고,0,1,0,0,차대사람 - 보도통행중,기타,포장 - 건조,맑음,단일로 - 기타,화물,남,47세,상해없음,보행자,여,63세,중상
2989,2018112200100247,2018년 11월 22일 11시,목요일,부산광역시 사상구 감전동,경상사고,0,0,1,0,차대사람 - 보도통행중,기타,포장 - 건조,맑음,기타 - 기타,화물,남,57세,상해없음,보행자,여,42세,경상
2990,2018112200100302,2018년 11월 22일 13시,목요일,부산광역시 연제구 연산동,부상신고사고,0,0,0,1,차대사람 - 보도통행중,안전운전불이행,포장 - 건조,맑음,기타 - 기타,승용,여,63세,상해없음,보행자,남,61세,부상신고
2991,2018112200100380,2018년 11월 22일 15시,목요일,부산광역시 중구 중앙동3가,중상사고,0,1,0,0,차대사람 - 횡단중,안전운전불이행,포장 - 건조,맑음,교차로 - 교차로안,화물,남,57세,상해없음,보행자,남,77세,중상
2992,2018112200100413,2018년 11월 22일 16시,목요일,부산광역시 금정구 남산동,중상사고,0,1,0,0,차대사람 - 기타,안전운전불이행,포장 - 건조,맑음,단일로 - 기타,승용,여,37세,상해없음,보행자,남,8세,중상
2993,2018112200100414,2018년 11월 22일 16시,목요일,부산광역시 금정구 장전동,경상사고,0,0,2,0,차대사람 - 기타,보행자보호의무위반,포장 - 건조,맑음,단일로 - 기타,승합,남,75세,상해없음,보행자,여,22세,경상
2994,2018112200100506,2018년 11월 22일 18시,목요일,부산광역시 연제구 거제동,경상사고,0,0,1,0,차대사람 - 차도통행중,안전운전불이행,포장 - 건조,맑음,단일로 - 기타,승용,여,43세,상해없음,보행자,여,69세,경상
2995,2018112300100196,2018년 11월 23일 10시,금요일,부산광역시 부산진구 초읍동,경상사고,0,0,1,0,차대사람 - 기타,안전운전불이행,포장 - 건조,맑음,단일로 - 기타,승용,남,55세,상해없음,보행자,여,22세,경상
2996,2018112300100197,2018년 11월 23일 10시,금요일,부산광역시 금정구 부곡동,중상사고,0,1,0,0,차대사람 - 횡단중,보행자보호의무위반,포장 - 건조,맑음,교차로 - 교차로횡단보도내,승용,남,47세,상해없음,보행자,여,77세,중상
2997,2018112300100262,2018년 11월 23일 12시,금요일,부산광역시 수영구 남천동,경상사고,0,0,1,0,차대사람 - 기타,안전운전불이행,포장 - 건조,맑음,단일로 - 기타,원동기,남,57세,상해없음,보행자,여,32세,경상
2998,2018112300100329,2018년 11월 23일 14시,금요일,부산광역시 남구 대연동,부상신고사고,0,0,0,1,차대사람 - 횡단중,신호위반,포장 - 건조,맑음,교차로 - 교차로부근,승합,남,46세,상해없음,보행자,남,9세,부상신고
2999,2018112300100360,2018년 11월 23일 15시,금요일,부산광역시 금정구 구서동,중상사고,0,1,0,0,차대사람 - 횡단중,보행자보호의무위반,포장 - 건조,맑음,교차로 - 교차로부근,승용,남,71세,상해없음,보행자,여,11세,중상
3000,2018112300100444,2018년 11월 23일 17시,금요일,부산광역시 사하구 감천동,경상사고,0,0,1,0,차대사람 - 길가장자리구역통행중,안전운전불이행,포장 - 건조,맑음,단일로 - 기타,승용,남,46세,상해없음,보행자,여,71세,경상
3001,2018112300100510,2018년 11월 23일 18시,금요일,부산광역시 금정구 부곡동,중상사고,0,1,0,0,차대사람 - 길가장자리구역통행중,안전운전불이행,포장 - 건조,맑음,교차로 - 교차로안,승용,남,32세,상해없음,보행자,여,77세,중상
3002,2018112300100511,2018년 11월 23일 18시,금요일,부산광역시 사하구 하단동,중상사고,0,1,0,0,차대사람 - 횡단중,안전운전불이행,포장 - 건조,맑음,교차로 - 교차로안,승용,남,58세,상해없음,보행자,남,58세,중상
3003,2018112300100582,2018년 11월 23일 19시,금요일,부산광역시 서구 동대신동2가,경상사고,0,0,1,0,차대사람 - 길가장자리구역통행중,안전운전불이행,포장 - 건조,맑음,단일로 - 기타,화물,남,64세,상해없음,보행자,남,26세,경상
3004,2018112300100664,2018년 11월 23일 21시,금요일,부산광역시 남구 용호동,경상사고,0,0,1,0,차대사람 - 기타,안전운전불이행,포장 - 건조,맑음,단일로 - 기타,승용,남,45세,상해없음,보행자,남,57세,경상
3005,2018112300100727,2018년 11월 23일 23시,금요일,부산광역시 금정구 장전동,경상사고,0,0,1,0,차대사람 - 기타,안전운전불이행,포장 - 건조,맑음,단일로 - 기타,원동기,남,24세,상해없음,보행자,남,34세,경상
3006,2018112400100007,2018년 11월 24일 00시,토요일,부산광역시 동래구 안락동,경상사고,0,0,1,0,차대사람 - 횡단중,안전운전불이행,포장 - 건조,맑음,교차로 - 교차로안,승용,남,48세,상해없음,보행자,여,18세,경상
3007,2018112400100008,2018년 11월 24일 00시,토요일,부산광역시 부산진구 부전동,경상사고,0,0,1,0,차대사람 - 기타,안전운전불이행,포장 - 건조,맑음,단일로 - 기타,승용,남,27세,상해없음,보행자,남,22세,경상
3008,2018112400100009,2018년 11월 24일 00시,토요일,부산광역시 연제구 거제동,중상사고,0,1,0,0,차대사람 - 차도통행중,안전운전불이행,포장 - 건조,맑음,단일로 - 기타,승용,남,61세,기타불명,보행자,남,31세,중상
3009,2018112400100064,2018년 11월 24일 03시,토요일,부산광역시 연제구 거제동,부상신고사고,0,0,0,1,차대사람 - 횡단중,신호위반,포장 - 건조,맑음,단일로 - 기타,승용,남,64세,상해없음,보행자,남,34세,부상신고
3010,2018112400100081,2018년 11월 24일 05시,토요일,부산광역시 부산진구 가야동,중상사고,0,1,1,0,차대사람 - 횡단중,안전운전불이행,포장 - 건조,맑음,단일로 - 기타,승용,남,64세,상해없음,보행자,여,86세,중상
3011,2018112400100102,2018년 11월 24일 06시,토요일,부산광역시 남구 감만동,중상사고,0,1,0,0,차대사람 - 기타,안전운전불이행,포장 - 건조,맑음,단일로 - 기타,승용,남,48세,상해없음,보행자,남,30세,중상
3012,2018112400100348,2018년 11월 24일 13시,토요일,부산광역시 수영구 광안동,경상사고,0,0,1,0,차대사람 - 횡단중,신호위반,포장 - 건조,맑음,단일로 - 기타,승용,남,60세,상해없음,보행자,여,15세,경상
3013,2018112400100351,2018년 11월 24일 13시,토요일,부산광역시 사하구 감천동,경상사고,0,0,1,0,차대사람 - 길가장자리구역통행중,안전운전불이행,포장 - 건조,맑음,단일로 - 기타,이륜,남,25세,상해없음,보행자,남,33세,경상
3014,2018112400100352,2018년 11월 24일 13시,토요일,부산광역시 사하구 다대동,경상사고,0,0,1,0,차대사람 - 횡단중,신호위반,포장 - 건조,맑음,교차로 - 교차로횡단보도내,승용,여,38세,상해없음,보행자,여,64세,경상
3015,2018112400100379,2018년 11월 24일 14시,토요일,부산광역시 남구 용호동,중상사고,0,1,0,0,차대사람 - 횡단중,신호위반,포장 - 젖음/습기,비,단일로 - 기타,이륜,남,51세,상해없음,보행자,여,55세,중상
3016,2018112400100560,2018년 11월 24일 19시,토요일,부산광역시 금정구 장전동,경상사고,0,0,1,0,차대사람 - 기타,안전운전불이행,포장 - 건조,맑음,단일로 - 기타,승용,여,24세,상해없음,보행자,남,24세,경상
3017,2018112400100561,2018년 11월 24일 19시,토요일,부산광역시 연제구 거제동,중상사고,0,1,0,0,차대사람 - 횡단중,신호위반,포장 - 건조,흐림,단일로 - 기타,승용,여,61세,상해없음,보행자,여,62세,중상
3018,2018112400100602,2018년 11월 24일 20시,토요일,부산광역시 동구 초량동,중상사고,0,1,0,0,차대사람 - 기타,안전운전불이행,포장 - 건조,맑음,단일로 - 기타,승용,남,26세,상해없음,보행자,여,62세,중상
3019,2018112400100603,2018년 11월 24일 20시,토요일,부산광역시 기장군 기장읍,중상사고,0,1,0,0,차대사람 - 횡단중,보행자보호의무위반,포장 - 건조,맑음,교차로 - 교차로안,승용,남,38세,상해없음,보행자,여,63세,중상
3020,2018112400100667,2018년 11월 24일 22시,토요일,부산광역시 해운대구 우동,경상사고,0,0,1,0,차대사람 - 기타,안전운전불이행,포장 - 건조,맑음,단일로 - 기타,승용,남,27세,상해없음,보행자,남,36세,경상
3021,2018112500100061,2018년 11월 25일 06시,일요일,부산광역시 부산진구 당감동,중상사고,0,1,0,0,차대사람 - 횡단중,안전운전불이행,포장 - 건조,맑음,교차로 - 교차로안,화물,여,64세,상해없음,보행자,여,71세,중상
3022,2018112500100224,2018년 11월 25일 15시,일요일,부산광역시 사상구 괘법동,중상사고,0,1,0,0,차대사람 - 횡단중,안전운전불이행,포장 - 건조,맑음,단일로 - 기타,승용,여,48세,상해없음,보행자,남,16세,중상
3023,2018112500100256,2018년 11월 25일 16시,일요일,부산광역시 해운대구 재송동,중상사고,0,1,0,0,차대사람 - 기타,안전운전불이행,포장 - 건조,맑음,단일로 - 기타,승합,남,69세,상해없음,보행자,여,82세,중상
3024,2018112500100280,2018년 11월 25일 17시,일요일,부산광역시 수영구 광안동,중상사고,0,1,0,0,차대사람 - 기타,안전운전불이행,포장 - 건조,맑음,교차로 - 교차로부근,승용,남,58세,상해없음,보행자,남,80세,중상
3025,2018112500100313,2018년 11월 25일 18시,일요일,부산광역시 북구 화명동,경상사고,0,0,1,0,차대사람 - 횡단중,보행자보호의무위반,포장 - 건조,맑음,교차로 - 교차로부근,승용,남,52세,상해없음,보행자,남,34세,경상
3026,2018112500100315,2018년 11월 25일 18시,일요일,부산광역시 금정구 부곡동,중상사고,0,1,0,1,차대사람 - 기타,안전운전불이행,포장 - 건조,맑음,단일로 - 기타,이륜,남,22세,부상신고,보행자,남,25세,중상
3027,2018112600100107,2018년 11월 26일 08시,월요일,부산광역시 동래구 온천동,경상사고,0,0,1,0,차대사람 - 길가장자리구역통행중,기타,포장 - 건조,맑음,단일로 - 기타,승용,남,69세,상해없음,보행자,남,10세,경상